NAME,NESTAB,NAICS2017,state,county
"Warren County, Tennessee",92,6244,47,177
"Washington County, Tennessee",109,6244,47,179
"Weakley County, Tennessee",32,6244,47,183
"Benton County, Tennessee",40,6244,47,005
"Bledsoe County, Tennessee",17,6244,47,007
"Campbell County, Tennessee",47,6244,47,013
"Cannon County, Tennessee",31,6244,47,015
"Houston County, Tennessee",20,6244,47,083
"Maury County, Tennessee",131,6244,47,119
"Polk County, Texas",77,6244,48,373
"Refugio County, Texas",11,6244,48,391
"Van Zandt County, Texas",70,6244,48,467
"Caldwell County, Texas",40,6244,48,055
"Wilbarger County, Texas",16,6244,48,487
"Martin County, Texas",9,6244,48,317
"Reagan County, Texas",12,6244,48,383
"Yoakum County, Texas",7,6244,48,501
"Runnels County, Texas",8,6244,48,399
"Hale County, Texas",44,6244,48,189
"Shelby County, Texas",33,6244,48,419
"Red River County, Texas",20,6244,48,387
"San Jacinto County, Texas",44,6244,48,407
"Sutton County, Texas",6,6244,48,435
"Tom Green County, Texas",153,6244,48,451
"Upshur County, Texas",39,6244,48,459
"Victoria County, Texas",145,6244,48,469
"Waller County, Texas",76,6244,48,473
"Wharton County, Texas",129,6244,48,481
"Wichita County, Texas",157,6244,48,485
"Wilson County, Texas",47,6244,48,493
"Hockley County, Texas",25,6244,48,219
"Marion County, Texas",12,6244,48,315
"Maverick County, Texas",190,6244,48,323
"Midland County, Texas",178,6244,48,329
"Grayson County, Texas",228,6244,48,181
"Live Oak County, Texas",14,6244,48,297
"Llano County, Texas",16,6244,48,299
"Palo Pinto County, Texas",33,6244,48,363
"Fannin County, Texas",34,6244,48,147
"Karnes County, Texas",23,6244,48,255
"DeWitt County, Texas",25,6244,48,123
"Brazos County, Texas",298,6244,48,041
"Callahan County, Texas",15,6244,48,059
"Cass County, Texas",49,6244,48,067
"Gaines County, Texas",21,6244,48,165
"Gregg County, Texas",188,6244,48,183
"Gray County, Texas",23,6244,48,179
"Madison County, Texas",28,6244,48,313
"Lubbock County, Texas",336,6244,48,303
"Jack County, Texas",11,6244,48,237
"Kaufman County, Texas",270,6244,48,257
"Kendall County, Texas",29,6244,48,259
"Bosque County, Texas",17,6244,48,035
"Floyd County, Texas",4,6244,48,153
"Bexar County, Texas",2901,6244,48,029
"Bailey County, Texas",12,6244,48,017
"Chambers County, Texas",58,6244,48,071
"Baylor County, Texas",7,6244,48,023
"Bell County, Texas",625,6244,48,027
"Cameron County, Texas",1194,6244,48,061
"Denton County, Texas",1085,6244,48,121
"Deaf Smith County, Texas",34,6244,48,117
"Galveston County, Texas",543,6244,48,167
"El Paso County, Texas",1496,6244,48,141
"La Salle County, Texas",8,6244,48,283
"Tyler County, Texas",17,6244,48,457
"Uvalde County, Texas",56,6244,48,463
"Wheeler County, Texas",7,6244,48,483
"Bowie County, Texas",133,6244,48,037
"Archer County, Texas",3,6244,48,009
"Brewster County, Texas",7,6244,48,043
"Hidalgo County, Texas",2756,6244,48,215
"Smith County, Texas",299,6244,48,423
"Somervell County, Texas",12,6244,48,425
"Howard County, Texas",33,6244,48,227
"Crockett County, Texas",4,6244,48,105
"Hardin County, Texas",68,6244,48,199
"Haskell County, Texas",10,6244,48,207
"Leon County, Texas",23,6244,48,289
"Mills County, Texas",7,6244,48,333
"Montague County, Texas",23,6244,48,337
"Newton County, Texas",30,6244,48,351
"Panola County, Texas",27,6244,48,365
"Reeves County, Texas",10,6244,48,389
"Sabine County, Texas",10,6244,48,403
"Monroe County, Alabama",58,6244,01,099
"Lawrence County, Alabama",31,6244,01,079
"Lee County, Alabama",275,6244,01,081
"Marion County, Alabama",35,6244,01,093
"Pickens County, Alabama",36,6244,01,107
"Sumter County, Alabama",20,6244,01,119
"Jefferson County, Alabama",836,6244,01,073
"Choctaw County, Alabama",19,6244,01,023
"Franklin County, Alabama",43,6244,01,059
"Marengo County, Alabama",32,6244,01,091
"Russell County, Alabama",147,6244,01,113
"Cherokee County, Alabama",25,6244,01,019
"Covington County, Alabama",49,6244,01,039
"Crenshaw County, Alabama",33,6244,01,041
"Dallas County, Alabama",72,6244,01,047
"Lauderdale County, Alabama",85,6244,01,077
"Lowndes County, Alabama",23,6244,01,085
"Macon County, Alabama",66,6244,01,087
"Limestone County, Alabama",86,6244,01,083
"Shelby County, Alabama",154,6244,01,117
"St. Clair County, Alabama",67,6244,01,115
"Winston County, Alabama",19,6244,01,133
"Baldwin County, Alabama",212,6244,01,003
"Cullman County, Alabama",39,6244,01,043
"Elmore County, Alabama",86,6244,01,051
"Houston County, Alabama",202,6244,01,069
"Jackson County, Alabama",53,6244,01,071
"Talladega County, Alabama",90,6244,01,121
"Tuscaloosa County, Alabama",267,6244,01,125
"Washington County, Alabama",23,6244,01,129
"Clay County, Alabama",11,6244,01,027
"Coffee County, Alabama",40,6244,01,031
"Morgan County, Alabama",114,6244,01,103
"Pike County, Alabama",46,6244,01,109
"Chilton County, Alabama",43,6244,01,021
"Colbert County, Alabama",56,6244,01,033
"Sherburne County, Minnesota",284,6244,27,141
"Wadena County, Minnesota",43,6244,27,159
"Benton County, Minnesota",172,6244,27,009
"Carver County, Minnesota",179,6244,27,019
"Freeborn County, Minnesota",79,6244,27,047
"Itasca County, Minnesota",88,6244,27,061
"McLeod County, Minnesota",105,6244,27,085
"Pope County, Minnesota",48,6244,27,121
"Ramsey County, Minnesota",769,6244,27,123
"Stevens County, Minnesota",36,6244,27,149
"Swift County, Minnesota",35,6244,27,151
"Winona County, Minnesota",114,6244,27,169
"Wabasha County, Minnesota",73,6244,27,157
"Cottonwood County, Minnesota",41,6244,27,033
"Scott County, Minnesota",382,6244,27,139
"Dodge County, Minnesota",85,6244,27,039
"Pipestone County, Minnesota",42,6244,27,117
"Crow Wing County, Minnesota",127,6244,27,035
"Norman County, Minnesota",16,6244,27,107
"Wright County, Minnesota",414,6244,27,171
"Nicollet County, Minnesota",80,6244,27,103
"Douglas County, Minnesota",159,6244,27,041
"Grant County, Minnesota",28,6244,27,051
"Kittson County, Minnesota",18,6244,27,069
"Le Sueur County, Minnesota",81,6244,27,079
"Mahnomen County, Minnesota",16,6244,27,087
"Chisago County, Minnesota",117,6244,27,025
"Redwood County, Minnesota",75,6244,27,127
"Yellow Medicine County, Minnesota",46,6244,27,173
"Todd County, Minnesota",77,6244,27,153
"Beltrami County, Minnesota",158,6244,27,007
"Blue Earth County, Minnesota",173,6244,27,013
"Houston County, Minnesota",67,6244,27,055
"Lac qui Parle County, Minnesota",22,6244,27,073
"Lake of the Woods County, Minnesota",15,6244,27,077
"Otter Tail County, Minnesota",217,6244,27,111
"Waseca County, Minnesota",43,6244,27,161
"St. Louis County, Minnesota",266,6244,27,137
"Anoka County, Minnesota",707,6244,27,003
"Stearns County, Minnesota",529,6244,27,145
"Dakota County, Minnesota",814,6244,27,037
"Lincoln County, Minnesota",25,6244,27,081
"Lyon County, Minnesota",106,6244,27,083
"Marshall County, Minnesota",34,6244,27,089
"Mille Lacs County, Minnesota",59,6244,27,095
"Renville County, Minnesota",38,6244,27,129
"Washington County, Minnesota",524,6244,27,163
"Carlton County, Minnesota",71,6244,27,017
"Cook County, Minnesota",5,6244,27,031
"Kanabec County, Minnesota",33,6244,27,065
"Swisher County, Texas",22,6244,48,437
"Hunt County, Texas",104,6244,48,231
"Camp County, Texas",26,6244,48,063
"Hansford County, Texas",0,6244,48,195
"Guadalupe County, Texas",172,6244,48,187
"Clay County, Texas",9,6244,48,077
"Hill County, Texas",48,6244,48,217
"Limestone County, Texas",29,6244,48,293
"Nacogdoches County, Texas",70,6244,48,347
"Parmer County, Texas",11,6244,48,369
"Parker County, Texas",153,6244,48,367
"Presidio County, Texas",11,6244,48,377
"Val Verde County, Texas",98,6244,48,465
"Ector County, Texas",161,6244,48,135
"Garza County, Texas",6,6244,48,169
"Grimes County, Texas",42,6244,48,185
"Travis County, Texas",1218,6244,48,453
"Collin County, Texas",1317,6244,48,085
"Hays County, Texas",211,6244,48,209
"Angelina County, Texas",125,6244,48,005
"Collingsworth County, Texas",5,6244,48,087
"Cottle County, Texas",3,6244,48,101
"Erath County, Texas",44,6244,48,143
"Brazoria County, Texas",601,6244,48,039
"Donley County, Texas",4,6244,48,129
"Atascosa County, Texas",52,6244,48,013
"Coleman County, Texas",15,6244,48,083
"Nolan County, Texas",14,6244,48,353
"Hudspeth County, Texas",0,6244,48,229
"Medina County, Texas",71,6244,48,325
"Ward County, Texas",7,6244,48,475
"Henderson County, Texas",115,6244,48,213
"Harrison County, Texas",101,6244,48,203
"Lamar County, Texas",95,6244,48,277
"Fayette County, Texas",28,6244,48,149
"Williamson County, Texas",691,6244,48,491
"Kimble County, Texas",12,6244,48,267
"Hutchinson County, Texas",14,6244,48,233
"Washington County, Texas",37,6244,48,477
"Morris County, Texas",48,6244,48,343
"Orange County, Texas",121,6244,48,361
"Stephens County, Texas",9,6244,48,429
"Winkler County, Texas",9,6244,48,495
"Harris County, Texas",11720,6244,48,201
"Andrews County, Texas",15,6244,48,003
"Burnet County, Texas",31,6244,48,053
"Gillespie County, Texas",22,6244,48,171
"Gonzales County, Texas",28,6244,48,177
"Dallas County, Texas",5341,6244,48,113
"Lynn County, Texas",8,6244,48,305
"Young County, Texas",19,6244,48,503
"Zapata County, Texas",61,6244,48,505
"Johnson County, Texas",230,6244,48,251
"Hood County, Texas",48,6244,48,221
"Hopkins County, Texas",31,6244,48,223
"Ochiltree County, Texas",13,6244,48,357
"Knox County, Texas",5,6244,48,275
"McLennan County, Texas",297,6244,48,309
"Cherokee County, Texas",70,6244,48,073
"Delta County, Texas",5,6244,48,119
"Eastland County, Texas",17,6244,48,133
"Jones County, Texas",23,6244,48,253
"Jim Hogg County, Texas",11,6244,48,247
"Jim Wells County, Texas",135,6244,48,249
"Montgomery County, Texas",791,6244,48,339
"Dallam County, Texas",12,6244,48,111
"Dimmit County, Texas",18,6244,48,127
"Webb County, Texas",750,6244,48,479
"Fort Bend County, Texas",1480,6244,48,157
"Armstrong County, Texas",4,6244,48,011
"Castro County, Texas",7,6244,48,069
"Irion County, Texas",3,6244,48,235
"Crosby County, Texas",5,6244,48,107
"Kleberg County, Texas",82,6244,48,273
"Willacy County, Texas",62,6244,48,489
"Cooke County, Texas",69,6244,48,097
"Dawson County, Texas",6,6244,48,115
"Fisher County, Texas",0,6244,48,151
"Duval County, Texas",34,6244,48,131
"Burleson County, Texas",29,6244,48,051
"Blanco County, Texas",8,6244,48,031
"Dale County, Alabama",61,6244,01,045
"Hale County, Alabama",24,6244,01,065
"Etowah County, Alabama",119,6244,01,055
"DeKalb County, Alabama",76,6244,01,049
"Escambia County, Alabama",77,6244,01,053
"Lamar County, Alabama",12,6244,01,075
"Randolph County, Alabama",24,6244,01,111
"Butler County, Alabama",40,6244,01,013
"Mobile County, Alabama",833,6244,01,097
"Perry County, Alabama",16,6244,01,105
"Walker County, Alabama",60,6244,01,127
"Cleburne County, Alabama",17,6244,01,029
"Conecuh County, Alabama",30,6244,01,035
"Greene County, Alabama",27,6244,01,063
"Barbour County, Alabama",65,6244,01,005
"Bibb County, Alabama",22,6244,01,007
"Bullock County, Alabama",33,6244,01,011
"Calhoun County, Alabama",118,6244,01,015
"Chambers County, Alabama",73,6244,01,017
"Clarke County, Alabama",36,6244,01,025
"Fayette County, Alabama",23,6244,01,057
"Montgomery County, Alabama",517,6244,01,101
"Marshall County, Alabama",114,6244,01,095
"Blount County, Alabama",35,6244,01,009
"Henry County, Alabama",16,6244,01,067
"Madison County, Alabama",385,6244,01,089
"Autauga County, Alabama",62,6244,01,001
"Tallapoosa County, Alabama",52,6244,01,123
"Geneva County, Alabama",39,6244,01,061
"Wilcox County, Alabama",19,6244,01,131
"Kodiak Island Borough, Alaska",31,6244,02,150
"Northwest Arctic Borough, Alaska",13,6244,02,188
"Bethel Census Area, Alaska",11,6244,02,050
"North Slope Borough, Alaska",18,6244,02,185
"Sitka City and Borough, Alaska",15,6244,02,220
"Fairbanks North Star Borough, Alaska",137,6244,02,090
"Ketchikan Gateway Borough, Alaska",22,6244,02,130
"Matanuska-Susitna Borough, Alaska",118,6244,02,170
"Nome Census Area, Alaska",11,6244,02,180
"Dillingham Census Area, Alaska",11,6244,02,070
"Juneau City and Borough, Alaska",93,6244,02,110
"Southeast Fairbanks Census Area, Alaska",9,6244,02,240
"Yukon-Koyukuk Census Area, Alaska",5,6244,02,290
"Anchorage Municipality, Alaska",479,6244,02,020
"Kenai Peninsula Borough, Alaska",61,6244,02,122
"Valdez-Cordova Census Area, Alaska",16,6244,02,261
"Coosa County, Alabama",5,6244,01,037
"Hoonah-Angoon Census Area, Alaska",4,6244,02,105
"Prince of Wales-Hyder Census Area, Alaska",11,6244,02,198
"Wrangell City and Borough, Alaska",5,6244,02,275
"Petersburg Borough, Alaska",3,6244,02,195
"Kusilvak Census Area, Alaska",10,6244,02,158
"Pima County, Arizona",1648,6244,04,019
"Maricopa County, Arizona",6137,6244,04,013
"Gila County, Arizona",69,6244,04,007
"Graham County, Arizona",51,6244,04,009
"Santa Cruz County, Arizona",227,6244,04,023
"Cochise County, Arizona",247,6244,04,003
"La Paz County, Arizona",18,6244,04,012
"Mohave County, Arizona",141,6244,04,015
"Apache County, Arizona",56,6244,04,001
"Coconino County, Arizona",96,6244,04,005
"Yavapai County, Arizona",189,6244,04,025
"Yuma County, Arizona",662,6244,04,027
"Greenlee County, Arizona",7,6244,04,011
"Navajo County, Arizona",94,6244,04,017
"Pinal County, Arizona",592,6244,04,021
"Nevada County, Arkansas",16,6244,05,099
"Clay County, Arkansas",20,6244,05,021
"Cross County, Arkansas",37,6244,05,037
"Dallas County, Arkansas",3,6244,05,039
"Drew County, Arkansas",20,6244,05,043
"Columbia County, Arkansas",20,6244,05,027
"Randolph County, Arkansas",11,6244,05,121
"Saline County, Arkansas",111,6244,05,125
"Van Buren County, Arkansas",12,6244,05,141
"Boone County, Arkansas",45,6244,05,009
"Izard County, Arkansas",9,6244,05,065
"Jasper County, Texas",93,6244,48,241
"Jefferson County, Texas",573,6244,48,245
"Kinney County, Texas",7,6244,48,271
"Oldham County, Texas",5,6244,48,359
"Lamb County, Texas",22,6244,48,279
"Lipscomb County, Texas",5,6244,48,295
"McCulloch County, Texas",10,6244,48,307
"Mason County, Texas",5,6244,48,319
"Lee County, Texas",21,6244,48,287
"Tarrant County, Texas",3928,6244,48,439
"Anderson County, Texas",71,6244,48,001
"Ellis County, Texas",271,6244,48,139
"Jackson County, Texas",27,6244,48,239
"Kerr County, Texas",41,6244,48,265
"Milam County, Texas",25,6244,48,331
"Comanche County, Texas",21,6244,48,093
"Falls County, Texas",27,6244,48,145
"Brooks County, Texas",44,6244,48,047
"Austin County, Texas",53,6244,48,015
"Nueces County, Texas",729,6244,48,355
"Colorado County, Texas",29,6244,48,089
"San Patricio County, Texas",136,6244,48,409
"San Saba County, Texas",12,6244,48,411
"Rains County, Texas",17,6244,48,379
"Randall County, Texas",163,6244,48,381
"Real County, Texas",0,6244,48,385
"Schleicher County, Texas",6,6244,48,413
"Zavala County, Texas",43,6244,48,507
"Calhoun County, Texas",22,6244,48,057
"Carson County, Texas",4,6244,48,065
"Freestone County, Texas",22,6244,48,161
"Goliad County, Texas",8,6244,48,175
"Hamilton County, Texas",15,6244,48,193
"Hardeman County, Texas",4,6244,48,197
"Mitchell County, Texas",10,6244,48,335
"Titus County, Texas",54,6244,48,449
"Lavaca County, Texas",41,6244,48,285
"Liberty County, Texas",181,6244,48,291
"Terry County, Texas",17,6244,48,445
"Wise County, Texas",67,6244,48,497
"Matagorda County, Texas",131,6244,48,321
"Pecos County, Texas",16,6244,48,371
"Robertson County, Texas",32,6244,48,395
"Rockwall County, Texas",113,6244,48,397
"Rusk County, Texas",45,6244,48,401
"Taylor County, Texas",199,6244,48,441
"Throckmorton County, Texas",0,6244,48,447
"Trinity County, Texas",19,6244,48,455
"Walker County, Texas",94,6244,48,471
"Wood County, Texas",38,6244,48,499
"Bandera County, Texas",36,6244,48,019
"Aransas County, Texas",18,6244,48,007
"Childress County, Texas",10,6244,48,075
"Cochran County, Texas",3,6244,48,079
"Comal County, Texas",121,6244,48,091
"Coryell County, Texas",74,6244,48,099
"Houston County, Texas",34,6244,48,225
"Moore County, Texas",22,6244,48,341
"Navarro County, Texas",77,6244,48,349
"Potter County, Texas",268,6244,48,375
"San Augustine County, Texas",7,6244,48,405
"Scurry County, Texas",21,6244,48,415
"Starr County, Texas",399,6244,48,427
"Upton County, Texas",4,6244,48,461
"Bastrop County, Texas",84,6244,48,021
"Brown County, Texas",40,6244,48,049
"Hall County, Texas",3,6244,48,191
"Bee County, Texas",37,6244,48,025
"Franklin County, Texas",16,6244,48,159
"Frio County, Texas",42,6244,48,163
"Lampasas County, Texas",22,6244,48,281
"Rutland County, Vermont",97,6244,50,021
"Orleans County, Vermont",85,6244,50,019
"Grand Isle County, Vermont",14,6244,50,013
"Windsor County, Vermont",92,6244,50,027
"Orange County, Vermont",46,6244,50,017
"Chittenden County, Vermont",198,6244,50,007
"Lamoille County, Vermont",56,6244,50,015
"Franklin County, Vermont",185,6244,50,011
"Independence County, Arkansas",38,6244,05,063
"Lincoln County, Arkansas",8,6244,05,079
"Logan County, Arkansas",31,6244,05,083
"Grant County, Arkansas",14,6244,05,053
"Crittenden County, Arkansas",261,6244,05,035
"Franklin County, Arkansas",21,6244,05,047
"Faulkner County, Arkansas",160,6244,05,045
"Pike County, Arkansas",6,6244,05,109
"Jefferson County, Arkansas",177,6244,05,069
"Marion County, Arkansas",7,6244,05,089
"Montgomery County, Arkansas",13,6244,05,097
"Scott County, Arkansas",22,6244,05,127
"Searcy County, Arkansas",9,6244,05,129
"Sebastian County, Arkansas",233,6244,05,131
"Crawford County, Arkansas",68,6244,05,033
"Benton County, Arkansas",317,6244,05,007
"Chicot County, Arkansas",18,6244,05,017
"Hot Spring County, Arkansas",31,6244,05,059
"Johnson County, Arkansas",25,6244,05,071
"Lee County, Arkansas",28,6244,05,077
"Madison County, Arkansas",29,6244,05,087
"Desha County, Arkansas",27,6244,05,041
"Fulton County, Arkansas",12,6244,05,049
"Howard County, Arkansas",16,6244,05,061
"Garland County, Arkansas",123,6244,05,051
"Mississippi County, Arkansas",94,6244,05,093
"Pope County, Arkansas",49,6244,05,115
"Prairie County, Arkansas",11,6244,05,117
"Union County, Arkansas",75,6244,05,139
"Woodruff County, Arkansas",8,6244,05,147
"Cleburne County, Arkansas",15,6244,05,023
"Cleveland County, Arkansas",5,6244,05,025
"Jackson County, Arkansas",10,6244,05,067
"Hempstead County, Arkansas",46,6244,05,057
"Sharp County, Arkansas",17,6244,05,135
"Stone County, Arkansas",8,6244,05,137
"Washington County, Arkansas",275,6244,05,143
"Baxter County, Arkansas",27,6244,05,005
"Ashley County, Arkansas",17,6244,05,003
"Craighead County, Arkansas",246,6244,05,031
"Greene County, Arkansas",52,6244,05,055
"Lafayette County, Arkansas",4,6244,05,073
"Perry County, Arkansas",10,6244,05,105
"Phillips County, Arkansas",73,6244,05,107
"Poinsett County, Arkansas",36,6244,05,111
"Sevier County, Arkansas",18,6244,05,133
"Yell County, Arkansas",14,6244,05,149
"Calhoun County, Arkansas",0,6244,05,013
"Clark County, Arkansas",28,6244,05,019
"Bradley County, Arkansas",16,6244,05,011
"Lawrence County, Arkansas",14,6244,05,075
"Monroe County, Arkansas",16,6244,05,095
"Polk County, Arkansas",15,6244,05,113
"Conway County, Arkansas",40,6244,05,029
"Little River County, Arkansas",9,6244,05,081
"Ouachita County, Arkansas",23,6244,05,103
"Newton County, Arkansas",7,6244,05,101
"Arkansas County, Arkansas",31,6244,05,001
"Lonoke County, Arkansas",68,6244,05,085
"Carroll County, Arkansas",43,6244,05,015
"Miller County, Arkansas",83,6244,05,091
"St. Francis County, Arkansas",124,6244,05,123
"Pulaski County, Arkansas",617,6244,05,119
"White County, Arkansas",78,6244,05,145
"Merced County, California",649,6244,06,047
"Lake County, California",120,6244,06,033
"Mariposa County, California",30,6244,06,043
"Modoc County, California",26,6244,06,049
"Yuba County, California",181,6244,06,115
"Contra Costa County, California",2042,6244,06,013
"Inyo County, California",60,6244,06,027
"Lassen County, California",54,6244,06,035
"Stanislaus County, California",966,6244,06,099
"Santa Barbara County, California",654,6244,06,083
"Sonoma County, California",629,6244,06,097
"Tehama County, California",95,6244,06,103
"Imperial County, California",892,6244,06,025
"Mono County, California",13,6244,06,051
"San Benito County, California",127,6244,06,069
"Alameda County, California",2957,6244,06,001
"Sacramento County, California",3166,6244,06,067
"El Dorado County, California",181,6244,06,017
"Napa County, California",157,6244,06,055
"Monterey County, California",704,6244,06,053
"San Francisco County, California",1799,6244,06,075
"Sierra County, California",4,6244,06,091
"Franklin County, Mississippi",9,6244,28,037
"Coahoma County, Mississippi",134,6244,28,027
"Jasper County, Mississippi",58,6244,28,061
"Jones County, Mississippi",190,6244,28,067
"Walthall County, Mississippi",45,6244,28,147
"Monroe County, Mississippi",47,6244,28,095
"Pontotoc County, Mississippi",49,6244,28,115
"Holmes County, Mississippi",90,6244,28,051
"Amite County, Mississippi",25,6244,28,005
"Madison County, Mississippi",183,6244,28,089
"Calhoun County, Mississippi",31,6244,28,013
"Marion County, Mississippi",77,6244,28,091
"Tishomingo County, Mississippi",14,6244,28,141
"Wayne County, Mississippi",111,6244,28,153
"Greene County, Mississippi",33,6244,28,041
"Marshall County, Mississippi",137,6244,28,093
"Quitman County, Mississippi",39,6244,28,119
"Pearl River County, Mississippi",97,6244,28,109
"Leake County, Mississippi",69,6244,28,079
"Noxubee County, Mississippi",35,6244,28,103
"Neshoba County, Mississippi",73,6244,28,099
"Rankin County, Mississippi",173,6244,28,121
"Tate County, Mississippi",94,6244,28,137
"Washington County, Mississippi",199,6244,28,151
"Lawrence County, Mississippi",23,6244,28,077
"Panola County, Mississippi",165,6244,28,107
"Carroll County, Mississippi",6,6244,28,015
"Perry County, Mississippi",27,6244,28,111
"Yalobusha County, Mississippi",21,6244,28,161
"Chickasaw County, Mississippi",40,6244,28,017
"Copiah County, Mississippi",92,6244,28,029
"George County, Mississippi",53,6244,28,039
"Grenada County, Mississippi",59,6244,28,043
"Hinds County, Mississippi",873,6244,28,049
"Jefferson County, Mississippi",22,6244,28,063
"Newton County, Mississippi",60,6244,28,101
"Union County, Mississippi",60,6244,28,145
"Prentiss County, Mississippi",52,6244,28,117
"Sharkey County, Mississippi",20,6244,28,125
"Tippah County, Mississippi",41,6244,28,139
"Choctaw County, Mississippi",21,6244,28,019
"Forrest County, Mississippi",272,6244,28,035
"Hancock County, Mississippi",72,6244,28,045
"Itawamba County, Mississippi",16,6244,28,057
"Lafayette County, Mississippi",49,6244,28,071
"Jackson County, Mississippi",412,6244,28,059
"Lowndes County, Mississippi",92,6244,28,087
"Leflore County, Mississippi",76,6244,28,083
"Tunica County, Mississippi",54,6244,28,143
"Wilkinson County, Mississippi",37,6244,28,157
"Claiborne County, Mississippi",14,6244,28,021
"Harrison County, Mississippi",701,6244,28,047
"Jefferson Davis County, Mississippi",54,6244,28,065
"Lauderdale County, Mississippi",224,6244,28,075
"Lincoln County, Mississippi",62,6244,28,085
"Scott County, Mississippi",155,6244,28,123
"Simpson County, Mississippi",67,6244,28,127
"Winston County, Mississippi",51,6244,28,159
"Yazoo County, Mississippi",136,6244,28,163
"Attala County, Mississippi",57,6244,28,007
"Bolivar County, Mississippi",87,6244,28,011
"Lamar County, Mississippi",121,6244,28,073
"Lee County, Mississippi",134,6244,28,081
"Pike County, Mississippi",200,6244,28,113
"Tallahatchie County, Mississippi",44,6244,28,135
"Benton County, Mississippi",25,6244,28,009
"Smith County, Mississippi",35,6244,28,129
"Stone County, Mississippi",35,6244,28,131
"Warren County, Mississippi",91,6244,28,149
"Clarke County, Mississippi",46,6244,28,023
"Kemper County, Mississippi",25,6244,28,069
"Montgomery County, Mississippi",23,6244,28,097
"Oktibbeha County, Mississippi",88,6244,28,105
"Sunflower County, Mississippi",85,6244,28,133
"Webster County, Mississippi",24,6244,28,155
"Alcorn County, Mississippi",39,6244,28,003
"Adams County, Mississippi",61,6244,28,001
"Clay County, Mississippi",0,6244,28,025
"DeSoto County, Mississippi",392,6244,28,033
"Covington County, Mississippi",91,6244,28,031
"Humphreys County, Mississippi",35,6244,28,053
"Delaware County, Pennsylvania",559,6244,42,045
"Dauphin County, Pennsylvania",378,6244,42,043
"Addison County, Vermont",80,6244,50,001
"Caledonia County, Vermont",77,6244,50,005
"Windham County, Vermont",46,6244,50,025
"Bennington County, Vermont",66,6244,50,003
"Essex County, Vermont",8,6244,50,009
"Washington County, Vermont",133,6244,50,023
"Millard County, Utah",11,6244,49,027
"Tooele County, Utah",111,6244,49,045
"Washington County, Utah",170,6244,49,053
"Kane County, Utah",11,6244,49,025
"Summit County, Utah",36,6244,49,043
"Grand County, Utah",11,6244,49,019
"Rich County, Utah",4,6244,49,033
"Wasatch County, Utah",42,6244,49,051
"Beaver County, Utah",15,6244,49,001
"Box Elder County, Utah",110,6244,49,003
"Iron County, Utah",96,6244,49,021
"Sanpete County, Utah",27,6244,49,039
"Sevier County, Utah",38,6244,49,041
"Utah County, Utah",926,6244,49,049
"Weber County, Utah",305,6244,49,057
"Duchesne County, Utah",36,6244,49,013
"San Juan County, Utah",20,6244,49,037
"Salt Lake County, Utah",1484,6244,49,035
"Uintah County, Utah",21,6244,49,047
"Davis County, Utah",485,6244,49,011
"Wayne County, Utah",4,6244,49,055
"Carbon County, Utah",23,6244,49,007
"Emery County, Utah",7,6244,49,015
"Morgan County, Utah",17,6244,49,029
"Cache County, Utah",172,6244,49,005
"Garfield County, Utah",4,6244,49,017
"Juab County, Utah",13,6244,49,023
"Isle of Wight County, Virginia",41,6244,51,093
"James City County, Virginia",55,6244,51,095
"Russell County, Virginia",11,6244,51,167
"Franklin city, Virginia",18,6244,51,620
"Smyth County, Virginia",25,6244,51,173
"Charlottesville city, Virginia",51,6244,51,540
"Lexington city, Virginia",6,6244,51,678
"Campbell County, Virginia",57,6244,51,031
"Henrico County, Virginia",428,6244,51,087
"Henry County, Virginia",53,6244,51,089
"King George County, Virginia",33,6244,51,099
"King William County, Virginia",11,6244,51,101
"Lancaster County, Virginia",11,6244,51,103
"Lee County, Virginia",16,6244,51,105
"Louisa County, Virginia",39,6244,51,109
"Mathews County, Virginia",9,6244,51,115
"Middlesex County, Virginia",10,6244,51,119
"Prince Edward County, Virginia",23,6244,51,147
"Prince George County, Virginia",47,6244,51,149
"Richmond County, Virginia",13,6244,51,159
"Rockingham County, Virginia",123,6244,51,165
"Scott County, Virginia",11,6244,51,169
"Spotsylvania County, Virginia",194,6244,51,177
"Surry County, Virginia",6,6244,51,181
"Appomattox County, Virginia",16,6244,51,011
"Mecklenburg County, Virginia",33,6244,51,117
"Clarke County, Virginia",18,6244,51,043
"Franklin County, Virginia",86,6244,51,067
"King and Queen County, Virginia",0,6244,51,097
"Montgomery County, Virginia",64,6244,51,121
"New Kent County, Virginia",29,6244,51,127
"Augusta County, Virginia",63,6244,51,015
"Cumberland County, Virginia",8,6244,51,049
"Dickenson County, Virginia",6,6244,51,051
"Goochland County, Virginia",27,6244,51,075
"Halifax County, Virginia",43,6244,51,083
"Loudoun County, Virginia",854,6244,51,107
"Madison County, Virginia",18,6244,51,113
"Prince William County, Virginia",1005,6244,51,153
"Roanoke County, Virginia",87,6244,51,161
"Southampton County, Virginia",21,6244,51,175
"Highland County, Virginia",3,6244,51,091
"Brunswick County, Virginia",9,6244,51,025
"Caroline County, Virginia",33,6244,51,033
"Gloucester County, Virginia",34,6244,51,073
"Northampton County, Virginia",15,6244,51,131
"Patrick County, Virginia",10,6244,51,141
"Powhatan County, Virginia",23,6244,51,145
"Rockbridge County, Virginia",13,6244,51,163
"Shenandoah County, Virginia",50,6244,51,171
"Fauquier County, Virginia",83,6244,51,061
"Staunton city, Virginia",19,6244,51,790
"Tulare County, California",1511,6244,06,107
"Yolo County, California",323,6244,06,113
"Humboldt County, California",220,6244,06,023
"Nevada County, California",124,6244,06,057
"Madera County, California",337,6244,06,039
"Mendocino County, California",150,6244,06,045
"Santa Cruz County, California",378,6244,06,087
"Trinity County, California",20,6244,06,105
"Los Angeles County, California",27750,6244,06,037
"Riverside County, California",5132,6244,06,065
"San Bernardino County, California",6528,6244,06,071
"Santa Clara County, California",2943,6244,06,085
"Marin County, California",342,6244,06,041
"Placer County, California",478,6244,06,061
"Siskiyou County, California",80,6244,06,093
"Shasta County, California",218,6244,06,089
"Solano County, California",865,6244,06,095
"Del Norte County, California",61,6244,06,015
"Colusa County, California",51,6244,06,011
"Glenn County, California",72,6244,06,021
"Butte County, California",278,6244,06,007
"Kings County, California",451,6244,06,031
"Plumas County, California",51,6244,06,063
"San Luis Obispo County, California",345,6244,06,079
"Fresno County, California",2898,6244,06,019
"Kern County, California",3037,6244,06,029
"Orange County, California",4437,6244,06,059
"Ventura County, California",1216,6244,06,111
"Calaveras County, California",57,6244,06,009
"San Joaquin County, California",1709,6244,06,077
"Sutter County, California",167,6244,06,101
"San Mateo County, California",1219,6244,06,081
"Tuolumne County, California",69,6244,06,109
"Amador County, California",70,6244,06,005
"Phillips County, Colorado",9,6244,08,095
"Archuleta County, Colorado",14,6244,08,007
"Denver County, Colorado",928,6244,08,031
"Kiowa County, Colorado",3,6244,08,061
"Baca County, Colorado",5,6244,08,009
"Chaffee County, Colorado",18,6244,08,015
"Gilpin County, Colorado",10,6244,08,047
"Kit Carson County, Colorado",27,6244,08,063
"Garfield County, Colorado",83,6244,08,045
"Gunnison County, Colorado",14,6244,08,051
"Jefferson County, Colorado",755,6244,08,059
"Ouray County, Colorado",6,6244,08,091
"Rio Blanco County, Colorado",16,6244,08,103
"Weld County, Colorado",594,6244,08,123
"San Diego County, California",6053,6244,06,073
"Conejos County, Colorado",17,6244,08,021
"Custer County, Colorado",4,6244,08,027
"Adams County, Colorado",772,6244,08,001
"Douglas County, Colorado",423,6244,08,035
"Eagle County, Colorado",78,6244,08,037
"Lake County, Colorado",3,6244,08,065
"La Plata County, Colorado",37,6244,08,067
"Moffat County, Colorado",20,6244,08,081
"Pitkin County, Colorado",18,6244,08,097
"Rio Grande County, Colorado",24,6244,08,105
"Cheyenne County, Colorado",5,6244,08,017
"Bent County, Colorado",7,6244,08,011
"Larimer County, Colorado",489,6244,08,069
"Logan County, Colorado",40,6244,08,075
"Montezuma County, Colorado",34,6244,08,083
"San Miguel County, Colorado",13,6244,08,113
"Teller County, Colorado",22,6244,08,119
"Boulder County, Colorado",323,6244,08,013
"Elbert County, Colorado",19,6244,08,039
"Las Animas County, Colorado",8,6244,08,071
"Yuma County, Colorado",16,6244,08,125
"Lincoln County, Colorado",11,6244,08,073
"Routt County, Colorado",36,6244,08,107
"Summit County, Colorado",23,6244,08,117
"Alamosa County, Colorado",25,6244,08,003
"Delta County, Colorado",36,6244,08,029
"Fremont County, Colorado",28,6244,08,043
"Franklin County, Pennsylvania",215,6244,42,055
"Union County, Pennsylvania",32,6244,42,119
"Wayne County, Pennsylvania",36,6244,42,127
"Washington County, Pennsylvania",72,6244,42,125
"Bedford County, Pennsylvania",29,6244,42,009
"Monroe County, Pennsylvania",128,6244,42,089
"Huntingdon County, Pennsylvania",39,6244,42,061
"Philadelphia County, Pennsylvania",2488,6244,42,101
"York County, Pennsylvania",453,6244,42,133
"Indiana County, Pennsylvania",44,6244,42,063
"Cumberland County, Pennsylvania",185,6244,42,041
"Allegheny County, Pennsylvania",1008,6244,42,003
"Westmoreland County, Pennsylvania",149,6244,42,129
"Blair County, Pennsylvania",47,6244,42,013
"Lawrence County, Pennsylvania",73,6244,42,073
"Bradford County, Pennsylvania",50,6244,42,015
"Cambria County, Pennsylvania",79,6244,42,021
"Chester County, Pennsylvania",307,6244,42,029
"Berks County, Pennsylvania",589,6244,42,011
"Somerset County, Pennsylvania",34,6244,42,111
"Mifflin County, Pennsylvania",42,6244,42,087
"Mercer County, Missouri",5,6244,29,129
"Madison County, Missouri",13,6244,29,123
"Wright County, Missouri",37,6244,29,229
"Clay County, Missouri",389,6244,29,047
"Vernon County, Missouri",42,6244,29,217
"Dent County, Missouri",13,6244,29,065
"Saline County, Missouri",33,6244,29,195
"Nodaway County, Missouri",69,6244,29,147
"Worth County, Missouri",6,6244,29,227
"Chariton County, Missouri",25,6244,29,041
"Grundy County, Missouri",18,6244,29,079
"Morgan County, Missouri",43,6244,29,141
"Wayne County, Missouri",9,6244,29,223
"Reynolds County, Missouri",18,6244,29,179
"St. Louis County, Missouri",1560,6244,29,189
"Scott County, Missouri",92,6244,29,201
"Stone County, Missouri",34,6244,29,209
"Barry County, Missouri",55,6244,29,009
"Barton County, Missouri",28,6244,29,011
"Boone County, Missouri",384,6244,29,019
"Cedar County, Missouri",23,6244,29,039
"Cole County, Missouri",220,6244,29,051
"Crawford County, Missouri",39,6244,29,055
"Gasconade County, Missouri",35,6244,29,073
"Iron County, Missouri",4,6244,29,093
"Livingston County, Missouri",37,6244,29,117
"Macon County, Missouri",26,6244,29,121
"Moniteau County, Missouri",29,6244,29,135
"Oregon County, Missouri",19,6244,29,149
"Pemiscot County, Missouri",82,6244,29,155
"Pettis County, Missouri",86,6244,29,159
"Ste. Genevieve County, Missouri",24,6244,29,186
"Shannon County, Missouri",7,6244,29,203
"Randolph County, Missouri",39,6244,29,175
"Douglas County, Missouri",11,6244,29,067
"Dunklin County, Missouri",70,6244,29,069
"Franklin County, Missouri",182,6244,29,071
"Henry County, Missouri",44,6244,29,083
"Howard County, Missouri",37,6244,29,089
"Jackson County, Missouri",1281,6244,29,095
"Putnam County, Missouri",11,6244,29,171
"Lawrence County, Missouri",82,6244,29,109
"Miller County, Missouri",52,6244,29,131
"Pulaski County, Missouri",64,6244,29,169
"Taney County, Missouri",87,6244,29,213
"Texas County, Missouri",27,6244,29,215
"Buchanan County, Missouri",111,6244,29,021
"Caldwell County, Missouri",24,6244,29,025
"Callaway County, Missouri",82,6244,29,027
"Cass County, Missouri",176,6244,29,037
"Clinton County, Missouri",42,6244,29,049
"Cooper County, Missouri",36,6244,29,053
"Dallas County, Missouri",23,6244,29,059
"Gentry County, Missouri",26,6244,29,075
"Hickory County, Missouri",12,6244,29,085
"Lincoln County, Missouri",76,6244,29,113
"Mississippi County, Missouri",14,6244,29,133
"Monroe County, Missouri",19,6244,29,137
"Newton County, Missouri",79,6244,29,145
"Ozark County, Missouri",11,6244,29,153
"Pike County, Missouri",37,6244,29,163
"St. Charles County, Missouri",475,6244,29,183
"Bollinger County, Missouri",25,6244,29,017
"Cape Girardeau County, Missouri",165,6244,29,031
"Fluvanna County, Virginia",39,6244,51,065
"Amelia County, Virginia",16,6244,51,007
"Radford city, Virginia",11,6244,51,750
"Winchester city, Virginia",27,6244,51,840
"Accomack County, Virginia",45,6244,51,001
"Craig County, Virginia",4,6244,51,045
"Floyd County, Virginia",17,6244,51,063
"Giles County, Virginia",7,6244,51,071
"Grayson County, Virginia",17,6244,51,077
"Nottoway County, Virginia",21,6244,51,135
"Rappahannock County, Virginia",4,6244,51,157
"Charles City County, Virginia",6,6244,51,036
"Culpeper County, Virginia",67,6244,51,047
"Dinwiddie County, Virginia",32,6244,51,053
"Greene County, Virginia",28,6244,51,079
"Hanover County, Virginia",101,6244,51,085
"Lunenburg County, Virginia",13,6244,51,111
"Orange County, Virginia",59,6244,51,137
"Emporia city, Virginia",12,6244,51,595
"Wythe County, Virginia",22,6244,51,197
"Chesapeake city, Virginia",409,6244,51,550
"Colonial Heights city, Virginia",14,6244,51,570
"Harrisonburg city, Virginia",55,6244,51,660
"Albemarle County, Virginia",110,6244,51,003
"Bland County, Virginia",6,6244,51,021
"Bedford County, Virginia",70,6244,51,019
"Botetourt County, Virginia",29,6244,51,023
"Buckingham County, Virginia",4,6244,51,029
"Wise County, Virginia",24,6244,51,195
"Bristol city, Virginia",15,6244,51,520
"Covington city, Virginia",5,6244,51,580
"Portsmouth city, Virginia",268,6244,51,740
"Williamsburg city, Virginia",8,6244,51,830
"Virginia Beach city, Virginia",719,6244,51,810
"Westmoreland County, Virginia",15,6244,51,193
"Carroll County, Virginia",26,6244,51,035
"Galax city, Virginia",9,6244,51,640
"Washington County, Virginia",46,6244,51,191
"Northumberland County, Virginia",10,6244,51,133
"Page County, Virginia",16,6244,51,139
"Pulaski County, Virginia",20,6244,51,155
"Warren County, Virginia",47,6244,51,187
"Alexandria city, Virginia",288,6244,51,510
"Danville city, Virginia",145,6244,51,590
"Fredericksburg city, Virginia",41,6244,51,630
"Hampton city, Virginia",273,6244,51,650
"Amherst County, Virginia",25,6244,51,009
"Arlington County, Virginia",348,6244,51,013
"Bath County, Virginia",4,6244,51,017
"Hopewell city, Virginia",60,6244,51,670
"Newport News city, Virginia",414,6244,51,700
"Frederick County, Virginia",84,6244,51,069
"Stafford County, Virginia",220,6244,51,179
"Lynchburg city, Virginia",98,6244,51,680
"York County, Virginia",60,6244,51,199
"Richmond city, Virginia",435,6244,51,760
"Martinsville city, Virginia",14,6244,51,690
"Nelson County, Virginia",9,6244,51,125
"Essex County, Virginia",11,6244,51,057
"Pittsylvania County, Virginia",76,6244,51,143
"Tazewell County, Virginia",29,6244,51,185
"Buena Vista city, Virginia",7,6244,51,530
"Falls Church city, Virginia",16,6244,51,610
"Manassas Park city, Virginia",41,6244,51,685
"Petersburg city, Virginia",81,6244,51,730
"Poquoson city, Virginia",11,6244,51,735
"Sussex County, Virginia",14,6244,51,183
"Fairfax city, Virginia",59,6244,51,600
"Waynesboro city, Virginia",25,6244,51,820
"Manassas city, Virginia",89,6244,51,683
"Roanoke city, Virginia",134,6244,51,770
"Salem city, Virginia",27,6244,51,775
"Suffolk city, Virginia",215,6244,51,800
"Norfolk city, Virginia",569,6244,51,710
"Charlotte County, Virginia",20,6244,51,037
"Chesterfield County, Virginia",435,6244,51,041
"Fairfax County, Virginia",2626,6244,51,059
"Greensville County, Virginia",12,6244,51,081
"Okanogan County, Washington",41,6244,53,047
"Kittitas County, Washington",26,6244,53,037
"Thurston County, Washington",252,6244,53,067
"Benton County, Washington",228,6244,53,005
"Columbia County, Washington",4,6244,53,013
"Clark County, Washington",450,6244,53,011
"Pueblo County, Colorado",185,6244,08,101
"Montrose County, Colorado",64,6244,08,085
"Morgan County, Colorado",47,6244,08,087
"Park County, Colorado",11,6244,08,093
"Saguache County, Colorado",3,6244,08,109
"Mesa County, Colorado",206,6244,08,077
"Prowers County, Colorado",26,6244,08,099
"Arapahoe County, Colorado",949,6244,08,005
"El Paso County, Colorado",937,6244,08,041
"Washington County, Colorado",11,6244,08,121
"Grand County, Colorado",10,6244,08,049
"Otero County, Colorado",20,6244,08,089
"Broomfield County, Colorado",63,6244,08,014
"New Castle County, Delaware",589,6244,10,003
"Sussex County, Delaware",223,6244,10,005
"Kent County, Delaware",186,6244,10,001
"District of Columbia, District of Columbia",899,6244,11,001
"New Haven County, Connecticut",1596,6244,09,009
"Litchfield County, Connecticut",149,6244,09,005
"Hartford County, Connecticut",1907,6244,09,003
"Windham County, Connecticut",157,6244,09,015
"New London County, Connecticut",257,6244,09,011
"Middlesex County, Connecticut",155,6244,09,007
"Tolland County, Connecticut",159,6244,09,013
"Fairfield County, Connecticut",1841,6244,09,001
"Washington County, Florida",34,6244,12,133
"Duval County, Florida",1736,6244,12,031
"Bradford County, Florida",28,6244,12,007
"Brevard County, Florida",515,6244,12,009
"Clay County, Florida",234,6244,12,019
"Lafayette County, Florida",7,6244,12,067
"Lake County, Florida",424,6244,12,069
"Nassau County, Florida",73,6244,12,089
"Pinellas County, Florida",1086,6244,12,103
"Polk County, Florida",1339,6244,12,105
"St. Lucie County, Florida",382,6244,12,111
"Glades County, Florida",8,6244,12,043
"Hendry County, Florida",74,6244,12,051
"Indian River County, Florida",141,6244,12,061
"Jackson County, Florida",72,6244,12,063
"Palm Beach County, Florida",2045,6244,12,099
"St. Johns County, Florida",179,6244,12,109
"Seminole County, Florida",600,6244,12,117
"Miami-Dade County, Florida",5665,6244,12,086
"Bay County, Florida",179,6244,12,005
"Flagler County, Florida",89,6244,12,035
"Franklin County, Florida",19,6244,12,037
"Gulf County, Florida",12,6244,12,045
"Hamilton County, Florida",21,6244,12,047
"Liberty County, Florida",4,6244,12,077
"Osceola County, Florida",985,6244,12,097
"Sumter County, Florida",59,6244,12,119
"Walton County, Florida",72,6244,12,131
"Gadsden County, Florida",147,6244,12,039
"Holmes County, Florida",27,6244,12,059
"Jefferson County, Florida",19,6244,12,065
"Lee County, Florida",821,6244,12,071
"Marion County, Florida",519,6244,12,083
"Hardee County, Florida",50,6244,12,049
"Collier County, Florida",295,6244,12,021
"Okeechobee County, Florida",47,6244,12,093
"Orange County, Florida",3072,6244,12,095
"Pasco County, Florida",575,6244,12,101
"Gilchrist County, Florida",19,6244,12,041
"Highlands County, Florida",133,6244,12,055
"Suwannee County, Florida",68,6244,12,121
"Charlotte County, Florida",83,6244,12,015
"Alachua County, Florida",331,6244,12,001
"DeSoto County, Florida",73,6244,12,027
"Calhoun County, Florida",21,6244,12,013
"Columbia County, Florida",81,6244,12,023
"Dixie County, Florida",20,6244,12,029
"Martin County, Florida",89,6244,12,085
"Putnam County, Florida",183,6244,12,107
"Sarasota County, Florida",293,6244,12,115
"Union County, Florida",21,6244,12,125
"Manatee County, Florida",435,6244,12,081
"Citrus County, Florida",126,6244,12,017
"Levy County, Florida",49,6244,12,075
"Baker County, Florida",43,6244,12,003
"Santa Rosa County, Florida",184,6244,12,113
"Volusia County, Florida",659,6244,12,127
"Leon County, Florida",432,6244,12,073
"Broward County, Florida",3350,6244,12,011
"Madison County, Florida",49,6244,12,079
"Monroe County, Florida",52,6244,12,087
"Shelby County, Missouri",22,6244,29,205
"Webster County, Missouri",67,6244,29,225
"Atchison County, Missouri",11,6244,29,005
"Bates County, Missouri",25,6244,29,013
"Benton County, Missouri",22,6244,29,015
"Carter County, Missouri",7,6244,29,035
"Dade County, Missouri",12,6244,29,057
"Linn County, Missouri",33,6244,29,115
"Howell County, Missouri",72,6244,29,091
"Johnson County, Missouri",97,6244,29,101
"Laclede County, Missouri",71,6244,29,105
"Maries County, Missouri",28,6244,29,125
"Phelps County, Missouri",61,6244,29,161
"Platte County, Missouri",123,6244,29,165
"St. Francois County, Missouri",62,6244,29,187
"St. Louis city, Missouri",746,6244,29,510
"Andrew County, Missouri",29,6244,29,003
"Butler County, Missouri",65,6244,29,023
"Carroll County, Missouri",18,6244,29,033
"Daviess County, Missouri",13,6244,29,061
"Holt County, Missouri",7,6244,29,087
"Knox County, Missouri",9,6244,29,103
"Marion County, Missouri",52,6244,29,127
"Montgomery County, Missouri",19,6244,29,139
"Osage County, Missouri",42,6244,29,151
"Ripley County, Missouri",25,6244,29,181
"Stoddard County, Missouri",37,6244,29,207
"Warren County, Missouri",61,6244,29,219
"Washington County, Missouri",27,6244,29,221
"Audrain County, Missouri",80,6244,29,007
"Christian County, Missouri",121,6244,29,043
"DeKalb County, Missouri",19,6244,29,063
"Greene County, Missouri",452,6244,29,077
"Harrison County, Missouri",13,6244,29,081
"Lafayette County, Missouri",59,6244,29,107
"St. Clair County, Missouri",18,6244,29,185
"Adair County, Missouri",41,6244,29,001
"Schuyler County, Missouri",11,6244,29,197
"Scotland County, Missouri",13,6244,29,199
"Sullivan County, Missouri",14,6244,29,211
"Jefferson County, Missouri",214,6244,29,099
"Camden County, Missouri",37,6244,29,029
"Clark County, Missouri",18,6244,29,045
"Jasper County, Missouri",214,6244,29,097
"Lewis County, Missouri",20,6244,29,111
"McDonald County, Missouri",23,6244,29,119
"New Madrid County, Missouri",49,6244,29,143
"Perry County, Missouri",30,6244,29,157
"Polk County, Missouri",48,6244,29,167
"Ralls County, Missouri",17,6244,29,173
"Ray County, Missouri",36,6244,29,177
"Custer County, Montana",26,6244,30,017
"Hill County, Montana",25,6244,30,041
"Chouteau County, Montana",9,6244,30,015
"Powder River County, Montana",4,6244,30,075
"Lincoln County, Montana",21,6244,30,053
"Park County, Montana",12,6244,30,067
"Roosevelt County, Montana",21,6244,30,085
"Blaine County, Montana",11,6244,30,005
"Liberty County, Montana",3,6244,30,051
"Sweet Grass County, Montana",7,6244,30,097
"Richland County, Montana",23,6244,30,083
"Teton County, Montana",19,6244,30,099
"Toole County, Montana",8,6244,30,101
"Glacier County, Montana",29,6244,30,035
"Fallon County, Montana",6,6244,30,025
"Daniels County, Montana",6,6244,30,019
"Judith Basin County, Montana",4,6244,30,045
"Silver Bow County, Montana",44,6244,30,093
"Stillwater County, Montana",6,6244,30,095
"Deer Lodge County, Montana",8,6244,30,023
"Jefferson County, Montana",8,6244,30,043
"Granite County, Montana",4,6244,30,039
"McCone County, Montana",3,6244,30,055
"Madison County, Montana",13,6244,30,057
"Rosebud County, Montana",35,6244,30,087
"Sheridan County, Montana",7,6244,30,091
"Dawson County, Montana",19,6244,30,021
"Big Horn County, Montana",10,6244,30,003
"Broadwater County, Montana",10,6244,30,007
"Lake County, Montana",40,6244,30,047
"Lewis and Clark County, Montana",112,6244,30,049
"Asotin County, Washington",12,6244,53,003
"Adams County, Washington",48,6244,53,001
"Mason County, Washington",49,6244,53,045
"Skagit County, Washington",92,6244,53,057
"Stevens County, Washington",32,6244,53,065
"Spokane County, Washington",343,6244,53,063
"Lincoln County, Washington",5,6244,53,043
"Chelan County, Washington",117,6244,53,007
"Jefferson County, Washington",19,6244,53,031
"Kitsap County, Washington",205,6244,53,035
"King County, Washington",2439,6244,53,033
"Skamania County, Washington",7,6244,53,059
"Pacific County, Washington",7,6244,53,049
"Pend Oreille County, Washington",5,6244,53,051
"San Juan County, Washington",11,6244,53,055
"Whitman County, Washington",28,6244,53,075
"Yakima County, Washington",422,6244,53,077
"Clallam County, Washington",48,6244,53,009
"Cowlitz County, Washington",55,6244,53,015
"Klickitat County, Washington",18,6244,53,039
"Lewis County, Washington",39,6244,53,041
"Douglas County, Washington",79,6244,53,017
"Grays Harbor County, Washington",46,6244,53,027
"Island County, Washington",68,6244,53,029
"Pierce County, Washington",737,6244,53,053
"Franklin County, Washington",198,6244,53,021
"Walla Walla County, Washington",55,6244,53,071
"Grant County, Washington",183,6244,53,025
"Whatcom County, Washington",156,6244,53,073
"Snohomish County, Washington",712,6244,53,061
"Grant County, West Virginia",16,6244,54,023
"Hampshire County, West Virginia",23,6244,54,027
"Summers County, West Virginia",8,6244,54,089
"Brooke County, West Virginia",15,6244,54,009
"Doddridge County, West Virginia",3,6244,54,017
"Greenbrier County, West Virginia",57,6244,54,025
"Hardy County, West Virginia",19,6244,54,031
"Marion County, West Virginia",49,6244,54,049
"Mineral County, West Virginia",35,6244,54,057
"Mingo County, West Virginia",13,6244,54,059
"Hancock County, West Virginia",33,6244,54,029
"Lewis County, West Virginia",27,6244,54,041
"Marshall County, West Virginia",27,6244,54,051
"Nicholas County, West Virginia",21,6244,54,067
"Pocahontas County, West Virginia",12,6244,54,075
"Tucker County, West Virginia",12,6244,54,093
"Tyler County, West Virginia",7,6244,54,095
"Randolph County, West Virginia",34,6244,54,083
"Roane County, West Virginia",6,6244,54,087
"Taylor County, West Virginia",10,6244,54,091
"Wirt County, West Virginia",4,6244,54,105
"Wood County, West Virginia",58,6244,54,107
"Clay County, West Virginia",3,6244,54,015
"Gilmer County, West Virginia",4,6244,54,021
"Mason County, West Virginia",12,6244,54,053
"Monongalia County, West Virginia",47,6244,54,061
"Monroe County, West Virginia",7,6244,54,063
"Pleasants County, West Virginia",3,6244,54,073
"Wetzel County, West Virginia",15,6244,54,103
"Cabell County, West Virginia",95,6244,54,011
"Jefferson County, West Virginia",74,6244,54,037
"Kanawha County, West Virginia",133,6244,54,039
"Logan County, West Virginia",24,6244,54,045
"Pendleton County, West Virginia",8,6244,54,071
"Preston County, West Virginia",22,6244,54,077
"Harrison County, West Virginia",79,6244,54,033
"Morgan County, West Virginia",8,6244,54,065
"Ohio County, West Virginia",49,6244,54,069
"Ritchie County, West Virginia",12,6244,54,085
"Lincoln County, West Virginia",11,6244,54,043
"Raleigh County, West Virginia",79,6244,54,081
"Braxton County, West Virginia",7,6244,54,007
"Putnam County, West Virginia",45,6244,54,079
"Barbour County, West Virginia",31,6244,54,001
"Boone County, West Virginia",16,6244,54,005
"McDowell County, West Virginia",14,6244,54,047
"Wayne County, West Virginia",36,6244,54,099
"Wyoming County, West Virginia",17,6244,54,109
"Jackson County, West Virginia",15,6244,54,035
"Hernando County, Florida",166,6244,12,053
"Hillsborough County, Florida",2585,6244,12,057
"Okaloosa County, Florida",235,6244,12,091
"Taylor County, Florida",36,6244,12,123
"Wakulla County, Florida",39,6244,12,129
"Lumpkin County, Georgia",29,6244,13,187
"McDuffie County, Georgia",75,6244,13,189
"Miller County, Georgia",8,6244,13,201
"Morgan County, Georgia",35,6244,13,211
"Heard County, Georgia",36,6244,13,149
"Oconee County, Georgia",17,6244,13,219
"Dougherty County, Georgia",252,6244,13,095
"Fannin County, Georgia",17,6244,13,111
"Henry County, Georgia",463,6244,13,151
"Houston County, Georgia",296,6244,13,153
"Laurens County, Georgia",139,6244,13,175
"Long County, Georgia",32,6244,13,183
"Spalding County, Georgia",214,6244,13,255
"Stephens County, Georgia",36,6244,13,257
"Telfair County, Georgia",45,6244,13,271
"Union County, Georgia",14,6244,13,291
"Upson County, Georgia",44,6244,13,293
"Washington County, Georgia",45,6244,13,303
"White County, Georgia",35,6244,13,311
"Peach County, Georgia",70,6244,13,225
"Paulding County, Georgia",245,6244,13,223
"Pierce County, Georgia",34,6244,13,229
"Pike County, Georgia",18,6244,13,231
"Richmond County, Georgia",582,6244,13,245
"Screven County, Georgia",26,6244,13,251
"Tattnall County, Georgia",54,6244,13,267
"Berrien County, Georgia",23,6244,13,019
"Walker County, Georgia",75,6244,13,295
"Gwinnett County, Georgia",1701,6244,13,135
"Barrow County, Georgia",112,6244,13,013
"Charlton County, Georgia",18,6244,13,049
"Clinch County, Georgia",9,6244,13,065
"Bartow County, Georgia",185,6244,13,015
"Douglas County, Georgia",311,6244,13,097
"Grady County, Georgia",66,6244,13,131
"Jeff Davis County, Georgia",34,6244,13,161
"Hancock County, Georgia",28,6244,13,141
"Whitfield County, Georgia",166,6244,13,313
"Calhoun County, Georgia",10,6244,13,037
"Macon County, Georgia",31,6244,13,193
"Marion County, Georgia",17,6244,13,197
"Troup County, Georgia",168,6244,13,285
"Bibb County, Georgia",587,6244,13,021
"Harris County, Georgia",31,6244,13,145
"Schley County, Georgia",11,6244,13,249
"Worth County, Georgia",40,6244,13,321
"Bleckley County, Georgia",43,6244,13,023
"Escambia County, Florida",586,6244,12,033
"Dooly County, Georgia",29,6244,13,093
"Evans County, Georgia",30,6244,13,109
"Franklin County, Georgia",39,6244,13,119
"Effingham County, Georgia",92,6244,13,103
"Lamar County, Georgia",30,6244,13,171
"Glascock County, Georgia",6,6244,13,125
"Emanuel County, Georgia",76,6244,13,107
"Quitman County, Georgia",3,6244,13,239
"Chatham County, Georgia",452,6244,13,051
"Jasper County, Georgia",34,6244,13,159
"Johnson County, Georgia",21,6244,13,167
"Lanier County, Georgia",0,6244,13,173
"Liberty County, Georgia",176,6244,13,179
"Madison County, Georgia",47,6244,13,195
"Mitchell County, Georgia",91,6244,13,205
"Seminole County, Georgia",10,6244,13,253
"Tift County, Georgia",87,6244,13,277
"Twiggs County, Georgia",21,6244,13,289
"Polk County, Georgia",116,6244,13,233
"Talbot County, Georgia",12,6244,13,263
"Taylor County, Georgia",18,6244,13,269
"Terrell County, Georgia",36,6244,13,273
"Thomas County, Georgia",83,6244,13,275
"Toombs County, Georgia",60,6244,13,279
"Wilkinson County, Georgia",10,6244,13,319
"Montgomery County, Georgia",10,6244,13,209
"Oglethorpe County, Georgia",22,6244,13,221
"Randolph County, Georgia",29,6244,13,243
"Rockdale County, Georgia",192,6244,13,247
"Ware County, Georgia",69,6244,13,299
"Wayne County, Georgia",73,6244,13,305
"Wheeler County, Georgia",15,6244,13,309
"Wilcox County, Georgia",8,6244,13,315
"Baldwin County, Georgia",76,6244,13,009
"Pondera County, Montana",21,6244,30,073
"Yellowstone County, Montana",278,6244,30,111
"Missoula County, Montana",140,6244,30,063
"Ravalli County, Montana",52,6244,30,081
"Valley County, Montana",23,6244,30,105
"Cascade County, Montana",94,6244,30,013
"Fergus County, Montana",12,6244,30,027
"Mineral County, Montana",3,6244,30,061
"Powell County, Montana",10,6244,30,077
"Sanders County, Montana",13,6244,30,089
"Gallatin County, Montana",146,6244,30,031
"Meagher County, Montana",4,6244,30,059
"Carbon County, Montana",6,6244,30,009
"Beaverhead County, Montana",17,6244,30,001
"Harlan County, Nebraska",5,6244,31,083
"Flathead County, Montana",117,6244,30,029
"Musselshell County, Montana",6,6244,30,065
"Phillips County, Montana",10,6244,30,071
"York County, Nebraska",47,6244,31,185
"Blaine County, Nebraska",3,6244,31,009
"Buffalo County, Nebraska",159,6244,31,019
"Colfax County, Nebraska",29,6244,31,037
"Deuel County, Nebraska",3,6244,31,049
"Hitchcock County, Nebraska",12,6244,31,087
"Logan County, Nebraska",3,6244,31,113
"Platte County, Nebraska",120,6244,31,141
"Polk County, Nebraska",20,6244,31,143
"Thayer County, Nebraska",19,6244,31,169
"Box Butte County, Nebraska",42,6244,31,013
"Brown County, Nebraska",9,6244,31,017
"Adams County, Nebraska",83,6244,31,001
"Sheridan County, Nebraska",12,6244,31,161
"Lancaster County, Nebraska",829,6244,31,109
"Boone County, Nebraska",27,6244,31,011
"Nuckolls County, Nebraska",10,6244,31,129
"Rock County, Nebraska",11,6244,31,149
"Frontier County, Nebraska",4,6244,31,063
"Sherman County, Nebraska",11,6244,31,163
"Douglas County, Nebraska",1257,6244,31,055
"Richardson County, Nebraska",33,6244,31,147
"Howard County, Nebraska",15,6244,31,093
"Holt County, Nebraska",59,6244,31,089
"Furnas County, Nebraska",27,6244,31,065
"Gosper County, Nebraska",5,6244,31,073
"Saline County, Nebraska",38,6244,31,151
"Sarpy County, Nebraska",369,6244,31,153
"Thurston County, Nebraska",10,6244,31,173
"Washington County, Nebraska",50,6244,31,177
"Boyd County, Nebraska",6,6244,31,015
"Cherry County, Nebraska",17,6244,31,031
"Dodge County, Nebraska",91,6244,31,053
"Fillmore County, Nebraska",14,6244,31,059
"Hooker County, Nebraska",5,6244,31,091
"Morrill County, Nebraska",8,6244,31,123
"Nemaha County, Nebraska",16,6244,31,127
"Seward County, Nebraska",53,6244,31,159
"Thomas County, Nebraska",3,6244,31,171
"Dakota County, Nebraska",70,6244,31,043
"Webster County, Nebraska",12,6244,31,181
"Antelope County, Nebraska",38,6244,31,003
"Chase County, Nebraska",14,6244,31,029
"Butler County, Nebraska",29,6244,31,023
"Clay County, Nebraska",23,6244,31,035
"Custer County, Nebraska",52,6244,31,041
"Franklin County, Nebraska",6,6244,31,061
"Gage County, Nebraska",75,6244,31,067
"Hamilton County, Nebraska",32,6244,31,081
"Jefferson County, Nebraska",22,6244,31,095
"Kearney County, Nebraska",28,6244,31,099
"Keith County, Nebraska",26,6244,31,101
"Loup County, Nebraska",5,6244,31,115
"Saunders County, Nebraska",72,6244,31,155
"Madison County, Nebraska",116,6244,31,119
"Perkins County, Nebraska",9,6244,31,135
"Phelps County, Nebraska",38,6244,31,137
"Scotts Bluff County, Nebraska",86,6244,31,157
"Wayne County, Nebraska",34,6244,31,179
"Kimball County, Nebraska",10,6244,31,105
"Knox County, Nebraska",35,6244,31,107
"Lincoln County, Nebraska",97,6244,31,111
"Merrick County, Nebraska",27,6244,31,121
"Mercer County, West Virginia",119,6244,54,055
"Upshur County, West Virginia",16,6244,54,097
"Webster County, West Virginia",6,6244,54,101
"Berkeley County, West Virginia",184,6244,54,003
"Fayette County, West Virginia",50,6244,54,019
"Iron County, Wisconsin",5,6244,55,051
"Clark County, Wisconsin",45,6244,55,019
"St. Croix County, Wisconsin",203,6244,55,109
"Oconto County, Wisconsin",43,6244,55,083
"Lincoln County, Wisconsin",42,6244,55,069
"Waupaca County, Wisconsin",41,6244,55,135
"Barron County, Wisconsin",96,6244,55,005
"Sawyer County, Wisconsin",20,6244,55,113
"Green Lake County, Wisconsin",30,6244,55,047
"Price County, Wisconsin",17,6244,55,099
"Marquette County, Wisconsin",15,6244,55,077
"Marinette County, Wisconsin",33,6244,55,075
"Milwaukee County, Wisconsin",1329,6244,55,079
"Racine County, Wisconsin",201,6244,55,101
"Winnebago County, Wisconsin",186,6244,55,139
"Dunn County, Wisconsin",71,6244,55,033
"Forest County, Wisconsin",11,6244,55,041
"Green County, Wisconsin",74,6244,55,045
"Grant County, Wisconsin",100,6244,55,043
"Rusk County, Wisconsin",18,6244,55,107
"Shawano County, Wisconsin",39,6244,55,115
"Sheboygan County, Wisconsin",109,6244,55,117
"Langlade County, Wisconsin",29,6244,55,067
"Outagamie County, Wisconsin",197,6244,55,087
"Vernon County, Wisconsin",65,6244,55,123
"Buffalo County, Wisconsin",38,6244,55,011
"Columbia County, Wisconsin",106,6244,55,021
"Kewaunee County, Wisconsin",27,6244,55,061
"La Crosse County, Wisconsin",215,6244,55,063
"Brown County, Wisconsin",242,6244,55,009
"Eau Claire County, Wisconsin",148,6244,55,035
"Marathon County, Wisconsin",234,6244,55,073
"Oneida County, Wisconsin",42,6244,55,085
"Polk County, Wisconsin",68,6244,55,095
"Trempealeau County, Wisconsin",84,6244,55,121
"Washburn County, Wisconsin",25,6244,55,129
"Waukesha County, Wisconsin",317,6244,55,133
"Dodge County, Wisconsin",77,6244,55,027
"Walworth County, Wisconsin",75,6244,55,127
"Vilas County, Wisconsin",14,6244,55,125
"Crawford County, Wisconsin",29,6244,55,023
"Juneau County, Wisconsin",34,6244,55,057
"Burnett County, Wisconsin",20,6244,55,013
"Manitowoc County, Wisconsin",64,6244,55,071
"Sauk County, Wisconsin",164,6244,55,111
"Washington County, Wisconsin",117,6244,55,131
"Chippewa County, Wisconsin",106,6244,55,017
"Dane County, Wisconsin",957,6244,55,025
"Door County, Wisconsin",17,6244,55,029
"Douglas County, Wisconsin",41,6244,55,031
"Fond du Lac County, Wisconsin",111,6244,55,039
"Jackson County, Wisconsin",37,6244,55,053
"Iowa County, Wisconsin",70,6244,55,049
"Pepin County, Wisconsin",23,6244,55,091
"Ozaukee County, Wisconsin",64,6244,55,089
"Portage County, Wisconsin",105,6244,55,097
"Richland County, Wisconsin",41,6244,55,103
"Rock County, Wisconsin",226,6244,55,105
"Taylor County, Wisconsin",41,6244,55,119
"Waushara County, Wisconsin",29,6244,55,137
"Adams County, Wisconsin",27,6244,55,001
"Bayfield County, Wisconsin",16,6244,55,007
"Lafayette County, Wisconsin",50,6244,55,065
"Monroe County, Wisconsin",109,6244,55,081
"Pierce County, Wisconsin",97,6244,55,093
"Wood County, Wisconsin",127,6244,55,141
"Ashland County, Wisconsin",45,6244,55,003
"Calumet County, Wisconsin",58,6244,55,015
"Jefferson County, Wisconsin",106,6244,55,055
"Kenosha County, Wisconsin",189,6244,55,059
"Campbell County, Wyoming",116,6244,56,005
"Lincoln County, Wyoming",66,6244,56,023
"Johnson County, Wyoming",6,6244,56,019
"Natrona County, Wyoming",145,6244,56,025
"Laramie County, Wyoming",157,6244,56,021
"Converse County, Wyoming",28,6244,56,009
"Niobrara County, Wyoming",4,6244,56,027
"Teton County, Wyoming",27,6244,56,039
"Sweetwater County, Wyoming",57,6244,56,037
"Bulloch County, Georgia",129,6244,13,031
"Clarke County, Georgia",241,6244,13,059
"Clay County, Georgia",17,6244,13,061
"Echols County, Georgia",3,6244,13,101
"Glynn County, Georgia",153,6244,13,127
"DeKalb County, Georgia",1877,6244,13,089
"Haralson County, Georgia",54,6244,13,143
"Jackson County, Georgia",100,6244,13,157
"Jefferson County, Georgia",52,6244,13,163
"Jones County, Georgia",43,6244,13,169
"Lincoln County, Georgia",16,6244,13,181
"Murray County, Georgia",60,6244,13,213
"Muscogee County, Georgia",570,6244,13,215
"Pulaski County, Georgia",28,6244,13,235
"Rabun County, Georgia",16,6244,13,241
"Stewart County, Georgia",5,6244,13,259
"Towns County, Georgia",4,6244,13,281
"Treutlen County, Georgia",21,6244,13,283
"Turner County, Georgia",20,6244,13,287
"Irwin County, Georgia",24,6244,13,155
"Atkinson County, Georgia",17,6244,13,003
"Ben Hill County, Georgia",46,6244,13,017
"Appling County, Georgia",34,6244,13,001
"Bacon County, Georgia",19,6244,13,005
"Brantley County, Georgia",19,6244,13,025
"Burke County, Georgia",90,6244,13,033
"Catoosa County, Georgia",45,6244,13,047
"Chattahoochee County, Georgia",13,6244,13,053
"Chattooga County, Georgia",47,6244,13,055
"Columbia County, Georgia",164,6244,13,073
"Decatur County, Georgia",91,6244,13,087
"Floyd County, Georgia",181,6244,13,115
"Forsyth County, Georgia",177,6244,13,117
"Habersham County, Georgia",45,6244,13,137
"Hart County, Georgia",61,6244,13,147
"Lowndes County, Georgia",268,6244,13,185
"McIntosh County, Georgia",28,6244,13,191
"Meriwether County, Georgia",73,6244,13,199
"Monroe County, Georgia",42,6244,13,207
"Putnam County, Georgia",41,6244,13,237
"Sumter County, Georgia",72,6244,13,261
"Taliaferro County, Georgia",3,6244,13,265
"Warren County, Georgia",26,6244,13,301
"Baker County, Georgia",11,6244,13,007
"Bryan County, Georgia",38,6244,13,029
"Butts County, Georgia",50,6244,13,035
"Candler County, Georgia",22,6244,13,043
"Camden County, Georgia",60,6244,13,039
"Carroll County, Georgia",261,6244,13,045
"Crawford County, Georgia",17,6244,13,079
"Early County, Georgia",28,6244,13,099
"Crisp County, Georgia",56,6244,13,081
"Banks County, Georgia",15,6244,13,011
"Coffee County, Georgia",143,6244,13,069
"Coweta County, Georgia",232,6244,13,077
"Cobb County, Georgia",1162,6244,13,067
"Gilmer County, Georgia",26,6244,13,123
"Dade County, Georgia",6,6244,13,083
"Walton County, Georgia",168,6244,13,297
"Wilkes County, Georgia",22,6244,13,317
"Brooks County, Georgia",39,6244,13,027
"Dodge County, Georgia",75,6244,13,091
"Gordon County, Georgia",77,6244,13,129
"Elbert County, Georgia",81,6244,13,105
"Cherokee County, Georgia",267,6244,13,057
"Fayette County, Georgia",123,6244,13,113
"Jenkins County, Georgia",29,6244,13,165
"Lee County, Georgia",40,6244,13,177
"Newton County, Georgia",260,6244,13,217
"Pickens County, Georgia",22,6244,13,227
"Greene County, Georgia",17,6244,13,133
"Colquitt County, Georgia",126,6244,13,071
"Cook County, Georgia",24,6244,13,075
"Dawson County, Georgia",14,6244,13,085
"Clayton County, Georgia",1009,6244,13,063
"Fulton County, Georgia",2307,6244,13,121
"Hall County, Georgia",281,6244,13,139
"Hawaii County, Hawaii",168,6244,15,001
"Honolulu County, Hawaii",485,6244,15,003
"Maui County, Hawaii",183,6244,15,009
"Kauai County, Hawaii",60,6244,15,007
"Lincoln County, Idaho",4,6244,16,063
"Oneida County, Idaho",5,6244,16,071
"Cassia County, Idaho",31,6244,16,031
"Gem County, Idaho",23,6244,16,045
"Valley County, Idaho",7,6244,16,085
"Adams County, Idaho",5,6244,16,003
"Franklin County, Idaho",26,6244,16,041
"Pierce County, Nebraska",28,6244,31,139
"Burt County, Nebraska",30,6244,31,021
"Cass County, Nebraska",55,6244,31,025
"Cuming County, Nebraska",39,6244,31,039
"Dixon County, Nebraska",33,6244,31,051
"Dundy County, Nebraska",5,6244,31,057
"Greeley County, Nebraska",13,6244,31,077
"Hall County, Nebraska",222,6244,31,079
"Hayes County, Nebraska",3,6244,31,085
"Otoe County, Nebraska",55,6244,31,131
"Red Willow County, Nebraska",46,6244,31,145
"Cedar County, Nebraska",40,6244,31,027
"Dawes County, Nebraska",26,6244,31,045
"Johnson County, Nebraska",16,6244,31,097
"Cheyenne County, Nebraska",13,6244,31,033
"Dawson County, Nebraska",76,6244,31,047
"Garfield County, Nebraska",8,6244,31,071
"Nance County, Nebraska",16,6244,31,125
"Pawnee County, Nebraska",4,6244,31,133
"Stanton County, Nebraska",19,6244,31,167
"Valley County, Nebraska",17,6244,31,175
"Wheeler County, Nebraska",4,6244,31,183
"Churchill County, Nevada",24,6244,32,001
"Douglas County, Nevada",31,6244,32,005
"Lander County, Nevada",4,6244,32,015
"Pershing County, Nevada",7,6244,32,027
"Humboldt County, Nevada",17,6244,32,013
"Mineral County, Nevada",6,6244,32,021
"White Pine County, Nevada",8,6244,32,033
"Elko County, Nevada",35,6244,32,007
"Lincoln County, Nevada",5,6244,32,017
"Nye County, Nevada",49,6244,32,023
"Washoe County, Nevada",393,6244,32,031
"Clark County, Nevada",4677,6244,32,003
"Carson City, Nevada",42,6244,32,510
"Lyon County, Nevada",49,6244,32,019
"Cheshire County, New Hampshire",74,6244,33,005
"Merrimack County, New Hampshire",139,6244,33,013
"Grafton County, New Hampshire",104,6244,33,009
"Rockingham County, New Hampshire",190,6244,33,015
"Belknap County, New Hampshire",63,6244,33,001
"Sullivan County, New Hampshire",52,6244,33,019
"Hillsborough County, New Hampshire",335,6244,33,011
"Strafford County, New Hampshire",76,6244,33,017
"Coos County, New Hampshire",31,6244,33,007
"Carroll County, New Hampshire",35,6244,33,003
"Monmouth County, New Jersey",402,6244,34,025
"Somerset County, New Jersey",265,6244,34,035
"Mercer County, New Jersey",529,6244,34,021
"Sussex County, New Jersey",85,6244,34,037
"Cumberland County, New Jersey",207,6244,34,011
"Essex County, New Jersey",2701,6244,34,013
"Ocean County, New Jersey",1187,6244,34,029
"Atlantic County, New Jersey",321,6244,34,001
"Gloucester County, New Jersey",170,6244,34,015
"Middlesex County, New Jersey",1014,6244,34,023
"Salem County, New Jersey",58,6244,34,033
"Passaic County, New Jersey",1274,6244,34,031
"Cape May County, New Jersey",43,6244,34,009
"Camden County, New Jersey",554,6244,34,007
"Bergen County, New Jersey",1176,6244,34,003
"Union County, New Jersey",1096,6244,34,039
"Warren County, New Jersey",104,6244,34,041
"Hudson County, New Jersey",1646,6244,34,017
"Hunterdon County, New Jersey",73,6244,34,019
"Burlington County, New Jersey",344,6244,34,005
"Morris County, New Jersey",368,6244,34,027
"Hidalgo County, New Mexico",9,6244,35,023
"Luna County, New Mexico",40,6244,35,029
"McKinley County, New Mexico",136,6244,35,031
"Sandoval County, New Mexico",100,6244,35,043
"Taos County, New Mexico",11,6244,35,055
"Grant County, New Mexico",22,6244,35,017
"Curry County, New Mexico",67,6244,35,009
"Colfax County, New Mexico",12,6244,35,007
"Eddy County, New Mexico",31,6244,35,015
"Mora County, New Mexico",5,6244,35,033
"San Juan County, New Mexico",57,6244,35,045
"Sheridan County, Wyoming",31,6244,56,033
"Big Horn County, Wyoming",21,6244,56,003
"Crook County, Wyoming",24,6244,56,011
"Park County, Wyoming",37,6244,56,029
"Albany County, Wyoming",58,6244,56,001
"Carbon County, Wyoming",18,6244,56,007
"Goshen County, Wyoming",30,6244,56,015
"Uinta County, Wyoming",23,6244,56,041
"Washakie County, Wyoming",12,6244,56,043
"Hot Springs County, Wyoming",9,6244,56,017
"Fremont County, Wyoming",85,6244,56,013
"Sublette County, Wyoming",15,6244,56,035
"Weston County, Wyoming",13,6244,56,045
"Platte County, Wyoming",13,6244,56,031
"Nez Perce County, Idaho",40,6244,16,069
"Jerome County, Idaho",21,6244,16,053
"Kootenai County, Idaho",191,6244,16,055
"Lewis County, Idaho",6,6244,16,061
"Minidoka County, Idaho",17,6244,16,067
"Twin Falls County, Idaho",104,6244,16,083
"Owyhee County, Idaho",15,6244,16,073
"Blaine County, Idaho",21,6244,16,013
"Boise County, Idaho",0,6244,16,015
"Boundary County, Idaho",12,6244,16,021
"Butte County, Idaho",4,6244,16,023
"Bear Lake County, Idaho",5,6244,16,007
"Gooding County, Idaho",18,6244,16,047
"Ada County, Idaho",585,6244,16,001
"Bannock County, Idaho",103,6244,16,005
"Bingham County, Idaho",58,6244,16,011
"Bonneville County, Idaho",156,6244,16,019
"Canyon County, Idaho",337,6244,16,027
"Clearwater County, Idaho",5,6244,16,035
"Jefferson County, Idaho",36,6244,16,051
"Latah County, Idaho",44,6244,16,057
"Lemhi County, Idaho",11,6244,16,059
"Payette County, Idaho",25,6244,16,075
"Benewah County, Idaho",5,6244,16,009
"Bonner County, Idaho",46,6244,16,017
"Custer County, Idaho",6,6244,16,037
"Elmore County, Idaho",43,6244,16,039
"Fremont County, Idaho",18,6244,16,043
"Madison County, Idaho",31,6244,16,065
"Shoshone County, Idaho",16,6244,16,079
"Idaho County, Idaho",7,6244,16,049
"Teton County, Idaho",15,6244,16,081
"Power County, Idaho",14,6244,16,077
"Washington County, Idaho",11,6244,16,087
"Hancock County, Illinois",51,6244,17,067
"Madison County, Illinois",454,6244,17,119
"Grundy County, Illinois",61,6244,17,063
"Kankakee County, Illinois",309,6244,17,091
"Mercer County, Illinois",35,6244,17,131
"DuPage County, Illinois",1212,6244,17,043
"Sangamon County, Illinois",661,6244,17,167
"Alexander County, Illinois",31,6244,17,003
"Menard County, Illinois",43,6244,17,129
"Randolph County, Illinois",41,6244,17,157
"LaSalle County, Illinois",167,6244,17,099
"Cook County, Illinois",15279,6244,17,031
"Ogle County, Illinois",137,6244,17,141
"Macon County, Illinois",347,6244,17,115
"Morgan County, Illinois",91,6244,17,137
"Stephenson County, Illinois",152,6244,17,177
"Wayne County, Illinois",34,6244,17,191
"White County, Illinois",15,6244,17,193
"Woodford County, Illinois",75,6244,17,203
"Franklin County, Illinois",70,6244,17,055
"Henderson County, Illinois",8,6244,17,071
"McDonough County, Illinois",43,6244,17,109
"McHenry County, Illinois",339,6244,17,111
"McLean County, Illinois",451,6244,17,113
"Moultrie County, Illinois",25,6244,17,139
"Perry County, Illinois",36,6244,17,145
"Pike County, Illinois",51,6244,17,149
"Rock Island County, Illinois",358,6244,17,161
"St. Clair County, Illinois",719,6244,17,163
"Shelby County, Illinois",64,6244,17,173
"Wabash County, Illinois",18,6244,17,185
"Champaign County, Illinois",575,6244,17,019
"Calhoun County, Illinois",6,6244,17,013
"Cumberland County, Illinois",41,6244,17,035
"Kendall County, Illinois",223,6244,17,093
"Ford County, Illinois",48,6244,17,053
"Jo Daviess County, Illinois",51,6244,17,085
"Kane County, Illinois",882,6244,17,089
"Lawrence County, Illinois",26,6244,17,101
"Brown County, Illinois",14,6244,17,009
"Marion County, Illinois",68,6244,17,121
"Marshall County, Illinois",19,6244,17,123
"Mason County, Illinois",29,6244,17,125
"Iroquois County, Illinois",76,6244,17,075
"Christian County, Illinois",63,6244,17,021
"Clay County, Illinois",38,6244,17,025
"Gallatin County, Illinois",3,6244,17,059
"Jackson County, Illinois",142,6244,17,077
"Monroe County, Illinois",36,6244,17,133
"Peoria County, Illinois",407,6244,17,143
"Union County, Illinois",23,6244,17,181
"Lincoln County, New Mexico",10,6244,35,027
"Chaves County, New Mexico",50,6244,35,005
"Lea County, New Mexico",50,6244,35,025
"Santa Fe County, New Mexico",88,6244,35,049
"Union County, New Mexico",4,6244,35,059
"Sierra County, New Mexico",7,6244,35,051
"Socorro County, New Mexico",14,6244,35,053
"Roosevelt County, New Mexico",14,6244,35,041
"Doña Ana County, New Mexico",443,6244,35,013
"Los Alamos County, New Mexico",15,6244,35,028
"Rio Arriba County, New Mexico",35,6244,35,039
"San Miguel County, New Mexico",17,6244,35,047
"Valencia County, New Mexico",63,6244,35,061
"Torrance County, New Mexico",19,6244,35,057
"Bernalillo County, New Mexico",528,6244,35,001
"Otero County, New Mexico",73,6244,35,035
"Cibola County, New Mexico",33,6244,35,006
"Catron County, New Mexico",4,6244,35,003
"Schoharie County, New York",28,6244,36,095
"Bronx County, New York",11480,6244,36,005
"Onondaga County, New York",1008,6244,36,067
"Fulton County, New York",47,6244,36,035
"Clinton County, New York",135,6244,36,019
"Seneca County, New York",66,6244,36,099
"Rensselaer County, New York",209,6244,36,083
"Putnam County, New York",102,6244,36,079
"Franklin County, New York",109,6244,36,033
"Herkimer County, New York",91,6244,36,043
"Ontario County, New York",156,6244,36,069
"Queens County, New York",8268,6244,36,081
"Steuben County, New York",172,6244,36,101
"Hamilton County, New York",4,6244,36,041
"Washington County, New York",87,6244,36,115
"Chautauqua County, New York",235,6244,36,013
"Kings County, New York",8509,6244,36,047
"New York County, New York",3953,6244,36,061
"Tioga County, New York",96,6244,36,107
"Cayuga County, New York",145,6244,36,011
"Orleans County, New York",34,6244,36,073
"Saratoga County, New York",221,6244,36,091
"Niagara County, New York",144,6244,36,063
"Rockland County, New York",525,6244,36,087
"Columbia County, New York",54,6244,36,021
"Lewis County, New York",51,6244,36,049
"Westchester County, New York",2076,6244,36,119
"Delaware County, New York",83,6244,36,025
"Essex County, New York",73,6244,36,031
"Montgomery County, New York",80,6244,36,057
"Nassau County, New York",1700,6244,36,059
"Richmond County, New York",937,6244,36,085
"St. Lawrence County, New York",147,6244,36,089
"Schuyler County, New York",24,6244,36,097
"Tompkins County, New York",137,6244,36,109
"Warren County, New York",87,6244,36,113
"Chenango County, New York",83,6244,36,017
"Cortland County, New York",78,6244,36,023
"Dutchess County, New York",337,6244,36,027
"Jefferson County, New York",173,6244,36,045
"Monroe County, New York",1485,6244,36,055
"Oneida County, New York",573,6244,36,065
"Suffolk County, New York",1526,6244,36,103
"Ulster County, New York",242,6244,36,111
"Wyoming County, New York",39,6244,36,121
"Chemung County, New York",181,6244,36,015
"Livingston County, New York",74,6244,36,051
"Oswego County, New York",198,6244,36,075
"Otsego County, New York",63,6244,36,077
"Greene County, New York",39,6244,36,039
"Wayne County, New York",131,6244,36,117
"Albany County, New York",353,6244,36,001
"Allegany County, New York",57,6244,36,003
"Broome County, New York",284,6244,36,007
"Cattaraugus County, New York",95,6244,36,009
"Erie County, New York",787,6244,36,029
"Madison County, New York",89,6244,36,053
"Schenectady County, New York",349,6244,36,093
"Sullivan County, New York",124,6244,36,105
"Genesee County, New York",45,6244,36,037
"Yates County, New York",33,6244,36,123
"Orange County, New York",462,6244,36,071
"Greene County, North Carolina",31,6244,37,079
"Haywood County, North Carolina",36,6244,37,087
"Mitchell County, North Carolina",6,6244,37,121
"Chowan County, North Carolina",16,6244,37,041
"Piatt County, Illinois",50,6244,17,147
"Pulaski County, Illinois",22,6244,17,153
"Schuyler County, Illinois",16,6244,17,169
"Stark County, Illinois",12,6244,17,175
"Edgar County, Illinois",39,6244,17,045
"Bond County, Illinois",35,6244,17,005
"Boone County, Illinois",102,6244,17,007
"Bureau County, Illinois",39,6244,17,011
"Carroll County, Illinois",28,6244,17,015
"Coles County, Illinois",90,6244,17,029
"Crawford County, Illinois",34,6244,17,033
"Jersey County, Illinois",37,6244,17,083
"Putnam County, Illinois",8,6244,17,155
"De Witt County, Illinois",51,6244,17,039
"Fayette County, Illinois",39,6244,17,051
"Richland County, Illinois",34,6244,17,159
"Lee County, Illinois",78,6244,17,103
"Logan County, Illinois",72,6244,17,107
"Macoupin County, Illinois",82,6244,17,117
"Saline County, Illinois",40,6244,17,165
"Washington County, Illinois",19,6244,17,189
"Montgomery County, Illinois",48,6244,17,135
"Whiteside County, Illinois",100,6244,17,195
"Adams County, Illinois",265,6244,17,001
"Clinton County, Illinois",96,6244,17,027
"DeKalb County, Illinois",245,6244,17,037
"Edwards County, Illinois",15,6244,17,047
"Jasper County, Illinois",31,6244,17,079
"Jefferson County, Illinois",82,6244,17,081
"Vermilion County, Illinois",319,6244,17,183
"Will County, Illinois",1185,6244,17,197
"Williamson County, Illinois",147,6244,17,199
"Clark County, Illinois",35,6244,17,023
"Douglas County, Illinois",70,6244,17,041
"Effingham County, Illinois",132,6244,17,049
"Fulton County, Illinois",30,6244,17,057
"Greene County, Illinois",30,6244,17,061
"Hamilton County, Illinois",13,6244,17,065
"Hardin County, Illinois",4,6244,17,069
"Henry County, Illinois",104,6244,17,073
"Johnson County, Illinois",10,6244,17,087
"Knox County, Illinois",115,6244,17,095
"Lake County, Illinois",1352,6244,17,097
"Livingston County, Illinois",86,6244,17,105
"Massac County, Illinois",22,6244,17,127
"Scott County, Illinois",17,6244,17,171
"Tazewell County, Illinois",215,6244,17,179
"Cass County, Illinois",31,6244,17,017
"Warren County, Illinois",35,6244,17,187
"Harrison County, Indiana",60,6244,18,061
"Huntington County, Indiana",48,6244,18,069
"LaPorte County, Indiana",241,6244,18,091
"Winnebago County, Illinois",1313,6244,17,201
"Wabash County, Indiana",54,6244,18,169
"White County, Indiana",33,6244,18,181
"Jasper County, Indiana",33,6244,18,073
"Jay County, Indiana",31,6244,18,075
"Martin County, Indiana",15,6244,18,101
"Porter County, Indiana",149,6244,18,127
"Shelby County, Indiana",60,6244,18,145
"Ripley County, Indiana",36,6244,18,137
"Spencer County, Indiana",27,6244,18,147
"Sullivan County, Indiana",16,6244,18,153
"Tipton County, Indiana",13,6244,18,159
"Tippecanoe County, Indiana",313,6244,18,157
"Vigo County, Indiana",136,6244,18,167
"Warrick County, Indiana",75,6244,18,173
"Hamilton County, Indiana",397,6244,18,057
"DeKalb County, Indiana",68,6244,18,033
"LaGrange County, Indiana",35,6244,18,087
"Bartholomew County, Indiana",84,6244,18,005
"Rush County, Indiana",29,6244,18,139
"Boone County, Indiana",74,6244,18,011
"Fulton County, Indiana",37,6244,18,049
"Lake County, Indiana",1114,6244,18,089
"Clark County, Indiana",142,6244,18,019
"Montgomery County, Indiana",50,6244,18,107
"Noble County, Indiana",61,6244,18,113
"Adams County, Indiana",41,6244,18,001
"Fayette County, Indiana",16,6244,18,041
"Clay County, Indiana",18,6244,18,021
"Hendricks County, Indiana",234,6244,18,063
"Dubois County, Indiana",79,6244,18,037
"Franklin County, Indiana",20,6244,18,047
"Grant County, Indiana",87,6244,18,053
"Hancock County, Indiana",115,6244,18,059
"Jackson County, Indiana",61,6244,18,071
"Howard County, Indiana",120,6244,18,067
"Alleghany County, North Carolina",11,6244,37,005
"Caldwell County, North Carolina",84,6244,37,027
"Catawba County, North Carolina",116,6244,37,035
"Cleveland County, North Carolina",166,6244,37,045
"Craven County, North Carolina",95,6244,37,049
"Edgecombe County, North Carolina",111,6244,37,065
"Granville County, North Carolina",59,6244,37,077
"Harnett County, North Carolina",191,6244,37,085
"Hoke County, North Carolina",97,6244,37,093
"Henderson County, North Carolina",99,6244,37,089
"Hyde County, North Carolina",7,6244,37,095
"Iredell County, North Carolina",152,6244,37,097
"Mecklenburg County, North Carolina",1794,6244,37,119
"Northampton County, North Carolina",15,6244,37,131
"Pitt County, North Carolina",254,6244,37,147
"Rowan County, North Carolina",163,6244,37,159
"Vance County, North Carolina",87,6244,37,181
"Cherokee County, North Carolina",24,6244,37,039
"Currituck County, North Carolina",31,6244,37,053
"Union County, North Carolina",279,6244,37,179
"Wilkes County, North Carolina",67,6244,37,193
"Forsyth County, North Carolina",566,6244,37,067
"Nash County, North Carolina",125,6244,37,127
"Alexander County, North Carolina",27,6244,37,003
"Bladen County, North Carolina",49,6244,37,017
"Dare County, North Carolina",25,6244,37,055
"Carteret County, North Carolina",47,6244,37,031
"Warren County, North Carolina",26,6244,37,185
"Wilson County, North Carolina",117,6244,37,195
"Bertie County, North Carolina",22,6244,37,015
"Gates County, North Carolina",19,6244,37,073
"Graham County, North Carolina",9,6244,37,075
"Martin County, North Carolina",32,6244,37,117
"Madison County, North Carolina",13,6244,37,115
"Pamlico County, North Carolina",11,6244,37,137
"Perquimans County, North Carolina",17,6244,37,143
"Polk County, North Carolina",12,6244,37,149
"Randolph County, North Carolina",121,6244,37,151
"Rockingham County, North Carolina",94,6244,37,157
"Stokes County, North Carolina",35,6244,37,169
"Washington County, North Carolina",13,6244,37,187
"Camden County, North Carolina",10,6244,37,029
"Clay County, North Carolina",10,6244,37,043
"Cumberland County, North Carolina",609,6244,37,051
"Moore County, North Carolina",89,6244,37,125
"Gaston County, North Carolina",264,6244,37,071
"Guilford County, North Carolina",743,6244,37,081
"Jackson County, North Carolina",30,6244,37,099
"Pasquotank County, North Carolina",75,6244,37,139
"Robeson County, North Carolina",253,6244,37,155
"Stanly County, North Carolina",49,6244,37,167
"Swain County, North Carolina",29,6244,37,173
"Wake County, North Carolina",1281,6244,37,183
"Yancey County, North Carolina",5,6244,37,199
"Anson County, North Carolina",39,6244,37,007
"Chatham County, North Carolina",65,6244,37,037
"McDowell County, North Carolina",29,6244,37,111
"Franklin County, North Carolina",67,6244,37,069
"Johnston County, North Carolina",213,6244,37,101
"Jones County, North Carolina",4,6244,37,103
"Macon County, North Carolina",24,6244,37,113
"Person County, North Carolina",48,6244,37,145
"Brunswick County, North Carolina",94,6244,37,019
"Transylvania County, North Carolina",20,6244,37,175
"Ashe County, North Carolina",9,6244,37,009
"Beaufort County, North Carolina",47,6244,37,013
"Columbus County, North Carolina",84,6244,37,047
"Lenoir County, North Carolina",89,6244,37,107
"Lincoln County, North Carolina",62,6244,37,109
"Montgomery County, North Carolina",18,6244,37,123
"Onslow County, North Carolina",160,6244,37,133
"Orange County, North Carolina",152,6244,37,135
"Richmond County, North Carolina",49,6244,37,153
"Rutherford County, North Carolina",67,6244,37,161
"Sampson County, North Carolina",104,6244,37,163
"Surry County, North Carolina",60,6244,37,171
"Yadkin County, North Carolina",25,6244,37,197
"Avery County, North Carolina",9,6244,37,011
"Buncombe County, North Carolina",247,6244,37,021
"Burke County, North Carolina",61,6244,37,023
"Cabarrus County, North Carolina",274,6244,37,025
"Owen County, Indiana",25,6244,18,119
"Parke County, Indiana",13,6244,18,121
"Randolph County, Indiana",22,6244,18,135
"Whitley County, Indiana",49,6244,18,183
"Benton County, Indiana",19,6244,18,007
"Brown County, Indiana",13,6244,18,013
"Clinton County, Indiana",40,6244,18,023
"Putnam County, Indiana",41,6244,18,133
"Union County, Indiana",3,6244,18,161
"Washington County, Indiana",34,6244,18,175
"Daviess County, Indiana",48,6244,18,027
"Dearborn County, Indiana",42,6244,18,029
"Henry County, Indiana",65,6244,18,065
"Knox County, Indiana",60,6244,18,083
"Lawrence County, Indiana",34,6244,18,093
"Madison County, Indiana",188,6244,18,095
"Perry County, Indiana",18,6244,18,123
"Pike County, Indiana",11,6244,18,125
"Pulaski County, Indiana",17,6244,18,131
"Posey County, Indiana",27,6244,18,129
"Steuben County, Indiana",50,6244,18,151
"Allen County, Indiana",778,6244,18,003
"Warren County, Indiana",11,6244,18,171
"Vermillion County, Indiana",17,6244,18,165
"Wells County, Indiana",46,6244,18,179
"Decatur County, Indiana",30,6244,18,031
"Delaware County, Indiana",151,6244,18,035
"Floyd County, Indiana",122,6244,18,043
"Jefferson County, Indiana",34,6244,18,077
"Jennings County, Indiana",48,6244,18,079
"Johnson County, Indiana",155,6244,18,081
"Miami County, Indiana",23,6244,18,103
"Morgan County, Indiana",67,6244,18,109
"Gibson County, Indiana",44,6244,18,051
"Newton County, Indiana",12,6244,18,111
"Orange County, Indiana",35,6244,18,117
"St. Joseph County, Indiana",501,6244,18,141
"Kosciusko County, Indiana",143,6244,18,085
"Marshall County, Indiana",52,6244,18,099
"Switzerland County, Indiana",15,6244,18,155
"Vanderburgh County, Indiana",248,6244,18,163
"Blackford County, Indiana",15,6244,18,009
"Carroll County, Indiana",36,6244,18,015
"Scott County, Indiana",25,6244,18,143
"Monroe County, Indiana",132,6244,18,105
"Fountain County, Indiana",21,6244,18,045
"Elkhart County, Indiana",324,6244,18,039
"Starke County, Indiana",16,6244,18,149
"Crawford County, Indiana",21,6244,18,025
"Cass County, Indiana",46,6244,18,017
"Greene County, Indiana",35,6244,18,055
"Marion County, Indiana",2017,6244,18,097
"Ohio County, Indiana",6,6244,18,115
"Wayne County, Indiana",70,6244,18,177
"Benton County, Iowa",100,6244,19,011
"Butler County, Iowa",50,6244,19,023
"Dubuque County, Iowa",283,6244,19,061
"Fremont County, Iowa",21,6244,19,071
"Hamilton County, Iowa",45,6244,19,079
"Pocahontas County, Iowa",19,6244,19,151
"Taylor County, Iowa",23,6244,19,173
"Union County, Iowa",39,6244,19,175
"Van Buren County, Iowa",15,6244,19,177
"Worth County, Iowa",35,6244,19,195
"Ringgold County, Iowa",15,6244,19,159
"Adams County, Iowa",14,6244,19,003
"Adair County, Iowa",23,6244,19,001
"Audubon County, Iowa",24,6244,19,009
"Chickasaw County, Iowa",41,6244,19,037
"Clarke County, Iowa",32,6244,19,039
"Davis County, Iowa",12,6244,19,051
"Dickinson County, Iowa",26,6244,19,059
"Ida County, Iowa",28,6244,19,093
"Johnson County, Iowa",299,6244,19,103
"Keokuk County, Iowa",23,6244,19,107
"Monroe County, Iowa",36,6244,19,135
"Tama County, Iowa",45,6244,19,171
"Wapello County, Iowa",66,6244,19,179
"Sioux County, Iowa",128,6244,19,167
"Franklin County, Iowa",28,6244,19,069
"Calhoun County, Iowa",38,6244,19,025
"Carroll County, Iowa",127,6244,19,027
"Greene County, Iowa",24,6244,19,073
"Cedar County, Iowa",66,6244,19,031
"Cerro Gordo County, Iowa",97,6244,19,033
"Floyd County, Iowa",58,6244,19,067
"Hardin County, Iowa",53,6244,19,083
"Louisa County, Iowa",27,6244,19,115
"Lucas County, Iowa",26,6244,19,117
"Lyon County, Iowa",38,6244,19,119
"Davie County, North Carolina",26,6244,37,059
"Davidson County, North Carolina",184,6244,37,057
"Duplin County, North Carolina",78,6244,37,061
"Durham County, North Carolina",487,6244,37,063
"Hertford County, North Carolina",23,6244,37,091
"Lee County, North Carolina",56,6244,37,105
"New Hanover County, North Carolina",195,6244,37,129
"Pender County, North Carolina",72,6244,37,141
"Wayne County, North Carolina",216,6244,37,191
"Scotland County, North Carolina",106,6244,37,165
"Watauga County, North Carolina",40,6244,37,189
"Halifax County, North Carolina",73,6244,37,083
"Alamance County, North Carolina",235,6244,37,001
"Stark County, North Dakota",127,6244,38,089
"Wells County, North Dakota",5,6244,38,103
"Burke County, North Dakota",4,6244,38,013
"Mountrail County, North Dakota",19,6244,38,061
"Traill County, North Dakota",23,6244,38,097
"Williams County, North Dakota",84,6244,38,105
"Dickey County, North Dakota",22,6244,38,021
"Kidder County, North Dakota",8,6244,38,043
"Cavalier County, North Dakota",8,6244,38,019
"Ward County, North Dakota",211,6244,38,101
"Grant County, North Dakota",10,6244,38,037
"McHenry County, North Dakota",15,6244,38,049
"Pembina County, North Dakota",23,6244,38,067
"Steele County, North Dakota",4,6244,38,091
"Benson County, North Dakota",16,6244,38,005
"Hettinger County, North Dakota",3,6244,38,041
"LaMoure County, North Dakota",14,6244,38,045
"Morton County, North Dakota",138,6244,38,059
"Cass County, North Dakota",427,6244,38,017
"Dunn County, North Dakota",7,6244,38,025
"Emmons County, North Dakota",12,6244,38,029
"McIntosh County, North Dakota",10,6244,38,051
"Nelson County, North Dakota",4,6244,38,063
"Richland County, North Dakota",66,6244,38,077
"Rolette County, North Dakota",76,6244,38,079
"Walsh County, North Dakota",36,6244,38,099
"Bottineau County, North Dakota",21,6244,38,009
"Barnes County, North Dakota",26,6244,38,003
"Eddy County, North Dakota",7,6244,38,027
"Grand Forks County, North Dakota",218,6244,38,035
"McKenzie County, North Dakota",19,6244,38,053
"Mercer County, North Dakota",23,6244,38,057
"McLean County, North Dakota",39,6244,38,055
"Pierce County, North Dakota",11,6244,38,069
"Bowman County, North Dakota",11,6244,38,011
"Ransom County, North Dakota",16,6244,38,073
"Renville County, North Dakota",7,6244,38,075
"Sioux County, North Dakota",7,6244,38,085
"Burleigh County, North Dakota",347,6244,38,015
"Golden Valley County, North Dakota",4,6244,38,033
"Logan County, North Dakota",6,6244,38,047
"Towner County, North Dakota",6,6244,38,095
"Stutsman County, North Dakota",78,6244,38,093
"Ramsey County, North Dakota",33,6244,38,071
"Divide County, North Dakota",5,6244,38,023
"Foster County, North Dakota",7,6244,38,031
"Griggs County, North Dakota",4,6244,38,039
"Sargent County, North Dakota",12,6244,38,081
"Meigs County, Ohio",30,6244,39,105
"Caswell County, North Carolina",20,6244,37,033
"Union County, Ohio",117,6244,39,159
"Champaign County, Ohio",47,6244,39,021
"Pike County, Ohio",35,6244,39,131
"Paulding County, Ohio",25,6244,39,125
"Greene County, Ohio",173,6244,39,057
"Hamilton County, Ohio",1754,6244,39,061
"Franklin County, Ohio",3058,6244,39,049
"Lawrence County, Ohio",43,6244,39,087
"Marion County, Ohio",111,6244,39,101
"Morgan County, Ohio",14,6244,39,115
"Tuscarawas County, Ohio",90,6244,39,157
"Wayne County, Ohio",154,6244,39,169
"Wyandot County, Ohio",28,6244,39,175
"Brown County, Ohio",63,6244,39,015
"Butler County, Ohio",558,6244,39,017
"Erie County, Ohio",206,6244,39,043
"Winnebago County, Iowa",32,6244,19,189
"Palo Alto County, Iowa",26,6244,19,147
"Shelby County, Iowa",29,6244,19,165
"Appanoose County, Iowa",30,6244,19,007
"Henry County, Iowa",63,6244,19,087
"Iowa County, Iowa",68,6244,19,095
"Jasper County, Iowa",125,6244,19,099
"Page County, Iowa",28,6244,19,145
"Winneshiek County, Iowa",71,6244,19,191
"Poweshiek County, Iowa",73,6244,19,157
"Pottawattamie County, Iowa",237,6244,19,155
"Marshall County, Iowa",107,6244,19,127
"Clayton County, Iowa",32,6244,19,043
"Boone County, Iowa",93,6244,19,015
"Bremer County, Iowa",100,6244,19,017
"Buena Vista County, Iowa",47,6244,19,021
"Howard County, Iowa",24,6244,19,089
"Emmet County, Iowa",23,6244,19,063
"Guthrie County, Iowa",49,6244,19,077
"Hancock County, Iowa",47,6244,19,081
"Humboldt County, Iowa",40,6244,19,091
"Madison County, Iowa",75,6244,19,121
"Marion County, Iowa",122,6244,19,125
"Washington County, Iowa",69,6244,19,183
"Wright County, Iowa",48,6244,19,197
"Des Moines County, Iowa",153,6244,19,057
"Cass County, Iowa",45,6244,19,029
"Cherokee County, Iowa",34,6244,19,035
"Crawford County, Iowa",54,6244,19,047
"Fayette County, Iowa",47,6244,19,065
"Harrison County, Iowa",47,6244,19,085
"Kossuth County, Iowa",62,6244,19,109
"Mills County, Iowa",29,6244,19,129
"Monona County, Iowa",28,6244,19,133
"Muscatine County, Iowa",137,6244,19,139
"Osceola County, Iowa",17,6244,19,143
"Polk County, Iowa",1555,6244,19,153
"Webster County, Iowa",118,6244,19,187
"Story County, Iowa",215,6244,19,169
"Woodbury County, Iowa",292,6244,19,193
"Black Hawk County, Iowa",334,6244,19,013
"Grundy County, Iowa",32,6244,19,075
"Jackson County, Iowa",43,6244,19,097
"Jones County, Iowa",67,6244,19,105
"Lee County, Iowa",70,6244,19,111
"Mitchell County, Iowa",35,6244,19,131
"Montgomery County, Iowa",24,6244,19,137
"Warren County, Iowa",194,6244,19,181
"Sac County, Iowa",36,6244,19,161
"Mahaska County, Iowa",83,6244,19,123
"Plymouth County, Iowa",105,6244,19,149
"Buchanan County, Iowa",65,6244,19,019
"Clay County, Iowa",63,6244,19,041
"Clinton County, Iowa",122,6244,19,045
"Decatur County, Iowa",16,6244,19,053
"Delaware County, Iowa",57,6244,19,055
"Jefferson County, Iowa",43,6244,19,101
"Wayne County, Iowa",8,6244,19,185
"Allamakee County, Iowa",44,6244,19,005
"Linn County, Iowa",699,6244,19,113
"Scott County, Iowa",573,6244,19,163
"Dallas County, Iowa",238,6244,19,049
"O'Brien County, Iowa",44,6244,19,141
"Sherman County, Kansas",21,6244,20,181
"Stanton County, Kansas",3,6244,20,187
"Thomas County, Kansas",38,6244,20,193
"Meade County, Kansas",10,6244,20,119
"Montgomery County, Kansas",67,6244,20,125
"Morris County, Kansas",11,6244,20,127
"Pratt County, Kansas",25,6244,20,151
"Rawlins County, Kansas",6,6244,20,153
"Rooks County, Kansas",17,6244,20,163
"Anderson County, Kansas",27,6244,20,003
"Clark County, Kansas",4,6244,20,025
"Ellsworth County, Kansas",13,6244,20,053
"Geary County, Kansas",64,6244,20,061
"Harper County, Kansas",14,6244,20,077
"Ford County, Kansas",103,6244,20,057
"Russell County, Kansas",25,6244,20,167
"Lyon County, Kansas",82,6244,20,111
"Marshall County, Kansas",42,6244,20,117
"Pawnee County, Kansas",19,6244,20,145
"Allen County, Kansas",43,6244,20,001
"Cheyenne County, Kansas",9,6244,20,023
"Comanche County, Kansas",4,6244,20,033
"Cowley County, Kansas",85,6244,20,035
"Harvey County, Kansas",72,6244,20,079
"Elk County, Kansas",3,6244,20,049
"Gove County, Kansas",10,6244,20,063
"Franklin County, Kansas",64,6244,20,059
"Hodgeman County, Kansas",3,6244,20,083
"Harrison County, Ohio",11,6244,39,067
"Knox County, Ohio",83,6244,39,083
"Licking County, Ohio",230,6244,39,089
"Richland County, Ohio",193,6244,39,139
"Vinton County, Ohio",21,6244,39,163
"Carroll County, Ohio",24,6244,39,019
"Hancock County, Ohio",100,6244,39,063
"Clermont County, Ohio",238,6244,39,025
"Fairfield County, Ohio",244,6244,39,045
"Defiance County, Ohio",70,6244,39,039
"Highland County, Ohio",49,6244,39,071
"Henry County, Ohio",30,6244,39,069
"Jefferson County, Ohio",56,6244,39,081
"Portage County, Ohio",127,6244,39,133
"Putnam County, Ohio",47,6244,39,137
"Belmont County, Ohio",49,6244,39,013
"Clinton County, Ohio",51,6244,39,027
"Fayette County, Ohio",51,6244,39,047
"Perry County, Ohio",52,6244,39,127
"Pickaway County, Ohio",82,6244,39,129
"Logan County, Ohio",43,6244,39,091
"Madison County, Ohio",76,6244,39,097
"Summit County, Ohio",652,6244,39,153
"Muskingum County, Ohio",103,6244,39,119
"Sandusky County, Ohio",100,6244,39,143
"Shelby County, Ohio",80,6244,39,149
"Van Wert County, Ohio",40,6244,39,161
"Washington County, Ohio",50,6244,39,167
"Williams County, Ohio",64,6244,39,171
"Auglaize County, Ohio",60,6244,39,011
"Columbiana County, Ohio",87,6244,39,029
"Darke County, Ohio",73,6244,39,037
"Ottawa County, Ohio",40,6244,39,123
"Fulton County, Ohio",71,6244,39,051
"Hardin County, Ohio",34,6244,39,065
"Jackson County, Ohio",35,6244,39,079
"Gallia County, Ohio",28,6244,39,053
"Huron County, Ohio",109,6244,39,077
"Mahoning County, Ohio",330,6244,39,099
"Athens County, Ohio",81,6244,39,009
"Adams County, Ohio",37,6244,39,001
"Scioto County, Ohio",90,6244,39,145
"Medina County, Ohio",152,6244,39,103
"Lucas County, Ohio",719,6244,39,095
"Morrow County, Ohio",39,6244,39,117
"Noble County, Ohio",11,6244,39,121
"Preble County, Ohio",41,6244,39,135
"Seneca County, Ohio",59,6244,39,147
"Stark County, Ohio",443,6244,39,151
"Allen County, Ohio",199,6244,39,003
"Coshocton County, Ohio",37,6244,39,031
"Crawford County, Ohio",57,6244,39,033
"Delaware County, Ohio",295,6244,39,041
"Geauga County, Ohio",53,6244,39,055
"Guernsey County, Ohio",32,6244,39,059
"Hocking County, Ohio",39,6244,39,073
"Clark County, Ohio",222,6244,39,023
"Lake County, Ohio",176,6244,39,085
"Mercer County, Ohio",50,6244,39,107
"Ross County, Ohio",92,6244,39,141
"Cuyahoga County, Ohio",2152,6244,39,035
"Holmes County, Ohio",46,6244,39,075
"Lorain County, Ohio",365,6244,39,093
"Miami County, Ohio",153,6244,39,109
"Monroe County, Ohio",6,6244,39,111
"Montgomery County, Ohio",847,6244,39,113
"Trumbull County, Ohio",168,6244,39,155
"Warren County, Ohio",269,6244,39,165
"Wood County, Ohio",113,6244,39,173
"Ashland County, Ohio",54,6244,39,005
"Ashtabula County, Ohio",121,6244,39,007
"Dewey County, Oklahoma",7,6244,40,043
"Harper County, Oklahoma",8,6244,40,059
"Kay County, Oklahoma",48,6244,40,071
"Logan County, Oklahoma",42,6244,40,083
"Craig County, Oklahoma",11,6244,40,035
"Tulsa County, Oklahoma",1042,6244,40,143
"Washington County, Oklahoma",45,6244,40,147
"Canadian County, Oklahoma",187,6244,40,017
"Harmon County, Oklahoma",4,6244,40,057
"Haskell County, Oklahoma",17,6244,40,061
"Latimer County, Oklahoma",12,6244,40,077
"Okmulgee County, Oklahoma",39,6244,40,111
"Osage County, Oklahoma",69,6244,40,113
"Texas County, Oklahoma",23,6244,40,139
"Jefferson County, Oklahoma",4,6244,40,067
"Pushmataha County, Oklahoma",10,6244,40,127
"Garfield County, Oklahoma",88,6244,40,047
"Garvin County, Oklahoma",35,6244,40,049
"Johnston County, Oklahoma",5,6244,40,069
"Pittsburg County, Oklahoma",47,6244,40,121
"Jewell County, Kansas",4,6244,20,089
"Kearny County, Kansas",14,6244,20,093
"Rice County, Kansas",8,6244,20,159
"Stafford County, Kansas",13,6244,20,185
"McPherson County, Kansas",56,6244,20,113
"Osage County, Kansas",47,6244,20,139
"Greeley County, Kansas",3,6244,20,071
"Coffey County, Kansas",32,6244,20,031
"Crawford County, Kansas",87,6244,20,037
"Ellis County, Kansas",121,6244,20,051
"Greenwood County, Kansas",18,6244,20,073
"Labette County, Kansas",56,6244,20,099
"Linn County, Kansas",25,6244,20,107
"Sedgwick County, Kansas",1046,6244,20,173
"Seward County, Kansas",28,6244,20,175
"Republic County, Kansas",19,6244,20,157
"Graham County, Kansas",10,6244,20,065
"Johnson County, Kansas",949,6244,20,091
"Douglas County, Kansas",176,6244,20,045
"Sheridan County, Kansas",9,6244,20,179
"Miami County, Kansas",81,6244,20,121
"Gray County, Kansas",14,6244,20,069
"Chase County, Kansas",5,6244,20,017
"Stevens County, Kansas",13,6244,20,189
"Smith County, Kansas",17,6244,20,183
"Logan County, Kansas",17,6244,20,109
"Grant County, Kansas",20,6244,20,067
"Jackson County, Kansas",41,6244,20,085
"Kingman County, Kansas",15,6244,20,095
"Nemaha County, Kansas",43,6244,20,131
"Pottawatomie County, Kansas",78,6244,20,149
"Wyandotte County, Kansas",317,6244,20,209
"Cherokee County, Kansas",35,6244,20,021
"Butler County, Kansas",123,6244,20,015
"Clay County, Kansas",35,6244,20,027
"Lincoln County, Kansas",10,6244,20,105
"Saline County, Kansas",162,6244,20,169
"Sumner County, Kansas",56,6244,20,191
"Trego County, Kansas",8,6244,20,195
"Wabaunsee County, Kansas",15,6244,20,197
"Wilson County, Kansas",21,6244,20,205
"Woodson County, Kansas",6,6244,20,207
"Mitchell County, Kansas",20,6244,20,123
"Ness County, Kansas",10,6244,20,135
"Osborne County, Kansas",16,6244,20,141
"Atchison County, Kansas",35,6244,20,005
"Bourbon County, Kansas",40,6244,20,011
"Finney County, Kansas",101,6244,20,055
"Hamilton County, Kansas",8,6244,20,075
"Leavenworth County, Kansas",116,6244,20,103
"Shawnee County, Kansas",408,6244,20,177
"Washington County, Kansas",27,6244,20,201
"Wichita County, Kansas",3,6244,20,203
"Chautauqua County, Kansas",5,6244,20,019
"Morton County, Kansas",4,6244,20,129
"Norton County, Kansas",5,6244,20,137
"Reno County, Kansas",120,6244,20,155
"Barton County, Kansas",61,6244,20,009
"Cloud County, Kansas",30,6244,20,029
"Doniphan County, Kansas",21,6244,20,043
"Edwards County, Kansas",7,6244,20,047
"Lane County, Kansas",7,6244,20,101
"Rush County, Kansas",4,6244,20,165
"Scott County, Kansas",16,6244,20,171
"Marion County, Kansas",22,6244,20,115
"Neosho County, Kansas",55,6244,20,133
"Brown County, Kansas",25,6244,20,013
"Ottawa County, Kansas",21,6244,20,143
"Phillips County, Kansas",20,6244,20,147
"Riley County, Kansas",116,6244,20,161
"Barber County, Kansas",7,6244,20,007
"Decatur County, Kansas",8,6244,20,039
"Dickinson County, Kansas",41,6244,20,041
"Jefferson County, Kansas",34,6244,20,087
"Garrard County, Kentucky",33,6244,21,079
"Greenup County, Kentucky",22,6244,21,089
"Fleming County, Kentucky",24,6244,21,069
"Campbell County, Kentucky",88,6244,21,037
"Carter County, Kentucky",30,6244,21,043
"Elliott County, Kentucky",8,6244,21,063
"Grant County, Kentucky",20,6244,21,081
"Jefferson County, Kentucky",1002,6244,21,111
"Larue County, Kentucky",21,6244,21,123
"Pontotoc County, Oklahoma",28,6244,40,123
"Logan County, Kentucky",52,6244,21,141
"Mason County, Kentucky",25,6244,21,161
"Mercer County, Kentucky",26,6244,21,167
"Roger Mills County, Oklahoma",4,6244,40,129
"Woodward County, Oklahoma",21,6244,40,153
"Cherokee County, Oklahoma",86,6244,40,021
"Delaware County, Oklahoma",35,6244,40,041
"Ellis County, Oklahoma",5,6244,40,045
"Grady County, Oklahoma",46,6244,40,051
"Payne County, Oklahoma",52,6244,40,119
"Pottawatomie County, Oklahoma",38,6244,40,125
"Creek County, Oklahoma",80,6244,40,037
"Tillman County, Oklahoma",5,6244,40,141
"Washita County, Oklahoma",14,6244,40,149
"Cotton County, Oklahoma",4,6244,40,033
"Kiowa County, Oklahoma",7,6244,40,075
"Le Flore County, Oklahoma",63,6244,40,079
"McCurtain County, Oklahoma",38,6244,40,089
"Major County, Oklahoma",7,6244,40,093
"Mayes County, Oklahoma",41,6244,40,097
"Oklahoma County, Oklahoma",1187,6244,40,109
"Custer County, Oklahoma",42,6244,40,039
"Beaver County, Oklahoma",9,6244,40,007
"Love County, Oklahoma",14,6244,40,085
"Beckham County, Oklahoma",28,6244,40,009
"Hughes County, Oklahoma",12,6244,40,063
"Choctaw County, Oklahoma",17,6244,40,023
"Jackson County, Oklahoma",35,6244,40,065
"Comanche County, Oklahoma",95,6244,40,031
"Lincoln County, Oklahoma",40,6244,40,081
"Pawnee County, Oklahoma",9,6244,40,117
"Adair County, Oklahoma",34,6244,40,001
"Seminole County, Oklahoma",8,6244,40,133
"Stephens County, Oklahoma",28,6244,40,137
"Blaine County, Oklahoma",13,6244,40,011
"Carter County, Oklahoma",47,6244,40,019
"Coal County, Oklahoma",3,6244,40,029
"Grant County, Oklahoma",4,6244,40,053
"Greer County, Oklahoma",4,6244,40,055
"Kingfisher County, Oklahoma",23,6244,40,073
"McClain County, Oklahoma",38,6244,40,087
"McIntosh County, Oklahoma",12,6244,40,091
"Marshall County, Oklahoma",12,6244,40,095
"Murray County, Oklahoma",8,6244,40,099
"Noble County, Oklahoma",26,6244,40,103
"Nowata County, Oklahoma",13,6244,40,105
"Ottawa County, Oklahoma",32,6244,40,115
"Rogers County, Oklahoma",104,6244,40,131
"Sequoyah County, Oklahoma",60,6244,40,135
"Wagoner County, Oklahoma",73,6244,40,145
"Alfalfa County, Oklahoma",11,6244,40,003
"Woods County, Oklahoma",25,6244,40,151
"Caddo County, Oklahoma",24,6244,40,015
"Cleveland County, Oklahoma",334,6244,40,027
"Muskogee County, Oklahoma",88,6244,40,101
"Okfuskee County, Oklahoma",5,6244,40,107
"Atoka County, Oklahoma",14,6244,40,005
"Bryan County, Oklahoma",57,6244,40,013
"Douglas County, Oregon",172,6244,41,019
"Union County, Oregon",75,6244,41,061
"Marion County, Oregon",645,6244,41,047
"Jackson County, Oregon",435,6244,41,029
"Grant County, Oregon",14,6244,41,023
"Jefferson County, Oregon",34,6244,41,031
"Polk County, Oregon",144,6244,41,053
"Clackamas County, Oregon",558,6244,41,005
"Deschutes County, Oregon",250,6244,41,017
"Linn County, Oregon",234,6244,41,043
"Tillamook County, Oregon",48,6244,41,057
"Yamhill County, Oregon",162,6244,41,071
"Baker County, Oregon",36,6244,41,001
"Josephine County, Oregon",106,6244,41,033
"Klamath County, Oregon",96,6244,41,035
"Umatilla County, Oregon",187,6244,41,059
"Lincoln County, Oregon",45,6244,41,041
"Benton County, Oregon",89,6244,41,003
"Columbia County, Oregon",80,6244,41,009
"Crook County, Oregon",39,6244,41,013
"Sherman County, Oregon",3,6244,41,055
"Wasco County, Oregon",52,6244,41,065
"Harney County, Oregon",11,6244,41,025
"Lane County, Oregon",558,6244,41,039
"Malheur County, Oregon",53,6244,41,045
"Wallowa County, Oregon",16,6244,41,063
"Washington County, Oregon",845,6244,41,067
"Morrow County, Oregon",26,6244,41,049
"Clatsop County, Oregon",35,6244,41,007
"Coos County, Oregon",102,6244,41,011
"Robertson County, Kentucky",3,6244,21,201
"Russell County, Kentucky",21,6244,21,207
"Spencer County, Kentucky",17,6244,21,215
"Washington County, Kentucky",15,6244,21,229
"Bath County, Kentucky",16,6244,21,011
"Ballard County, Kentucky",6,6244,21,007
"Barren County, Kentucky",104,6244,21,009
"Boyle County, Kentucky",33,6244,21,021
"Green County, Kentucky",18,6244,21,087
"Hancock County, Kentucky",9,6244,21,091
"Harlan County, Kentucky",41,6244,21,095
"Martin County, Kentucky",13,6244,21,159
"Hardin County, Kentucky",127,6244,21,093
"Lincoln County, Kentucky",48,6244,21,137
"McLean County, Kentucky",6,6244,21,149
"Monroe County, Kentucky",28,6244,21,171
"Ohio County, Kentucky",13,6244,21,183
"Powell County, Kentucky",34,6244,21,197
"Union County, Kentucky",12,6244,21,225
"Webster County, Kentucky",13,6244,21,233
"Caldwell County, Kentucky",8,6244,21,033
"Calloway County, Kentucky",20,6244,21,035
"Casey County, Kentucky",0,6244,21,045
"Christian County, Kentucky",130,6244,21,047
"Daviess County, Kentucky",71,6244,21,059
"Grayson County, Kentucky",30,6244,21,085
"Henderson County, Kentucky",38,6244,21,101
"Henry County, Kentucky",23,6244,21,103
"Hopkins County, Kentucky",32,6244,21,107
"Meade County, Kentucky",37,6244,21,163
"Jackson County, Kentucky",20,6244,21,109
"Laurel County, Kentucky",60,6244,21,125
"Marshall County, Kentucky",28,6244,21,157
"Montgomery County, Kentucky",49,6244,21,173
"Nicholas County, Kentucky",10,6244,21,181
"Oldham County, Kentucky",45,6244,21,185
"Owen County, Kentucky",23,6244,21,187
"Rockcastle County, Kentucky",20,6244,21,203
"Scott County, Kentucky",83,6244,21,209
"Warren County, Kentucky",180,6244,21,227
"Allen County, Kentucky",47,6244,21,003
"Bourbon County, Kentucky",26,6244,21,017
"Boyd County, Kentucky",29,6244,21,019
"Bullitt County, Kentucky",55,6244,21,029
"Crittenden County, Kentucky",12,6244,21,055
"Fayette County, Kentucky",378,6244,21,067
"Fulton County, Kentucky",13,6244,21,075
"Johnson County, Kentucky",24,6244,21,115
"Knott County, Kentucky",14,6244,21,119
"Menifee County, Kentucky",11,6244,21,165
"Morgan County, Kentucky",16,6244,21,175
"Muhlenberg County, Kentucky",25,6244,21,177
"Pendleton County, Kentucky",18,6244,21,191
"Perry County, Kentucky",30,6244,21,193
"Pulaski County, Kentucky",47,6244,21,199
"Wolfe County, Kentucky",17,6244,21,237
"Clay County, Kentucky",40,6244,21,051
"Adair County, Kentucky",29,6244,21,001
"Bell County, Kentucky",29,6244,21,013
"Breathitt County, Kentucky",15,6244,21,025
"Cumberland County, Kentucky",7,6244,21,057
"Graves County, Kentucky",48,6244,21,083
"Hart County, Kentucky",37,6244,21,099
"Butler County, Kentucky",17,6244,21,031
"Trimble County, Kentucky",10,6244,21,223
"Edmonson County, Kentucky",14,6244,21,061
"Harrison County, Kentucky",19,6244,21,097
"Hickman County, Kentucky",3,6244,21,105
"Bracken County, Kentucky",11,6244,21,023
"Lyon County, Kentucky",4,6244,21,143
"Nelson County, Kentucky",53,6244,21,179
"Wayne County, Kentucky",43,6244,21,231
"Lewis County, Kentucky",15,6244,21,135
"Marion County, Kentucky",22,6244,21,155
"Trigg County, Kentucky",12,6244,21,221
"Woodford County, Kentucky",42,6244,21,239
"Boone County, Kentucky",123,6244,21,015
"Leslie County, Kentucky",5,6244,21,131
"Jessamine County, Kentucky",74,6244,21,113
"Knox County, Kentucky",61,6244,21,121
"Lawrence County, Kentucky",10,6244,21,127
"Letcher County, Kentucky",14,6244,21,133
"Livingston County, Kentucky",6,6244,21,139
"McCracken County, Kentucky",94,6244,21,145
"Pike County, Kentucky",27,6244,21,195
"Shelby County, Kentucky",56,6244,21,211
"Whitley County, Kentucky",73,6244,21,235
"Curry County, Oregon",19,6244,41,015
"Multnomah County, Oregon",1166,6244,41,051
"Gilliam County, Oregon",4,6244,41,021
"Hood River County, Oregon",36,6244,41,027
"Lake County, Oregon",12,6244,41,037
"Pike County, Pennsylvania",15,6244,42,103
"Snyder County, Pennsylvania",30,6244,42,109
"Susquehanna County, Pennsylvania",27,6244,42,115
"Crawford County, Pennsylvania",56,6244,42,039
"Erie County, Pennsylvania",319,6244,42,049
"Fulton County, Pennsylvania",21,6244,42,057
"Juniata County, Pennsylvania",29,6244,42,067
"Schuylkill County, Pennsylvania",78,6244,42,107
"Wyoming County, Pennsylvania",8,6244,42,131
"Adams County, Pennsylvania",92,6244,42,001
"Armstrong County, Pennsylvania",40,6244,42,005
"Clinton County, Pennsylvania",15,6244,42,035
"Carbon County, Pennsylvania",31,6244,42,025
"Centre County, Pennsylvania",94,6244,42,027
"Northumberland County, Pennsylvania",65,6244,42,097
"Northampton County, Pennsylvania",219,6244,42,095
"Cameron County, Pennsylvania",0,6244,42,023
"Venango County, Pennsylvania",36,6244,42,121
"Beaver County, Pennsylvania",120,6244,42,007
"Bucks County, Pennsylvania",356,6244,42,017
"Lackawanna County, Pennsylvania",168,6244,42,069
"Lehigh County, Pennsylvania",628,6244,42,077
"McKean County, Pennsylvania",25,6244,42,083
"Fayette County, Pennsylvania",73,6244,42,051
"Clarion County, Pennsylvania",31,6244,42,031
"Montgomery County, Pennsylvania",496,6244,42,091
"Clearfield County, Pennsylvania",56,6244,42,033
"Greene County, Pennsylvania",27,6244,42,059
"Lebanon County, Pennsylvania",191,6244,42,075
"Lycoming County, Pennsylvania",80,6244,42,081
"Luzerne County, Pennsylvania",509,6244,42,079
"Montour County, Pennsylvania",6,6244,42,093
"Warren County, Pennsylvania",21,6244,42,123
"Columbia County, Pennsylvania",20,6244,42,037
"Butler County, Pennsylvania",105,6244,42,019
"Elk County, Pennsylvania",22,6244,42,047
"Jefferson County, Pennsylvania",26,6244,42,065
"Lancaster County, Pennsylvania",608,6244,42,071
"Mercer County, Pennsylvania",86,6244,42,085
"Perry County, Pennsylvania",41,6244,42,099
"Potter County, Pennsylvania",14,6244,42,105
"Tioga County, Pennsylvania",40,6244,42,117
"Newport County, Rhode Island",60,6244,44,005
"Kent County, Rhode Island",100,6244,44,003
"Providence County, Rhode Island",1108,6244,44,007
"Bristol County, Rhode Island",26,6244,44,001
"Washington County, Rhode Island",89,6244,44,009
"Aiken County, South Carolina",241,6244,45,003
"Allendale County, South Carolina",20,6244,45,005
"Newberry County, South Carolina",45,6244,45,071
"Edgefield County, South Carolina",29,6244,45,037
"Chester County, South Carolina",70,6244,45,023
"Sumter County, South Carolina",215,6244,45,085
"Clarendon County, South Carolina",72,6244,45,027
"Colleton County, South Carolina",51,6244,45,029
"Marion County, South Carolina",53,6244,45,067
"Lexington County, South Carolina",340,6244,45,063
"Oconee County, South Carolina",60,6244,45,073
"Barnwell County, South Carolina",84,6244,45,011
"Berkeley County, South Carolina",311,6244,45,015
"Charleston County, South Carolina",445,6244,45,019
"Darlington County, South Carolina",127,6244,45,031
"Georgetown County, South Carolina",92,6244,45,043
"Marlboro County, South Carolina",43,6244,45,069
"York County, South Carolina",382,6244,45,091
"Anderson County, South Carolina",351,6244,45,007
"Cherokee County, South Carolina",88,6244,45,021
"Chesterfield County, South Carolina",81,6244,45,025
"Greenwood County, South Carolina",119,6244,45,047
"Jasper County, South Carolina",26,6244,45,053
"Horry County, South Carolina",333,6244,45,051
"Kershaw County, South Carolina",65,6244,45,055
"Lee County, South Carolina",40,6244,45,061
"Orangeburg County, South Carolina",200,6244,45,075
"Spartanburg County, South Carolina",389,6244,45,083
"Abbeville County, South Carolina",80,6244,45,001
"Breckinridge County, Kentucky",22,6244,21,027
"Floyd County, Kentucky",28,6244,21,071
"Franklin County, Kentucky",182,6244,21,073
"Kenton County, Kentucky",163,6244,21,117
"McCreary County, Kentucky",17,6244,21,147
"Madison County, Kentucky",92,6244,21,151
"Magoffin County, Kentucky",10,6244,21,153
"Metcalfe County, Kentucky",14,6244,21,169
"Owsley County, Kentucky",5,6244,21,189
"Rowan County, Kentucky",0,6244,21,205
"Simpson County, Kentucky",22,6244,21,213
"Taylor County, Kentucky",53,6244,21,217
"Clark County, Kentucky",33,6244,21,049
"Todd County, Kentucky",13,6244,21,219
"Carlisle County, Kentucky",3,6244,21,039
"Carroll County, Kentucky",15,6244,21,041
"Clinton County, Kentucky",23,6244,21,053
"Estill County, Kentucky",23,6244,21,065
"Gallatin County, Kentucky",6,6244,21,077
"Richland Parish, Louisiana",95,6244,22,083
"St. Martin Parish, Louisiana",149,6244,22,099
"Vernon Parish, Louisiana",58,6244,22,115
"Winn Parish, Louisiana",12,6244,22,127
"East Baton Rouge Parish, Louisiana",1183,6244,22,033
"Sabine Parish, Louisiana",35,6244,22,085
"Allen Parish, Louisiana",48,6244,22,003
"Madison Parish, Louisiana",44,6244,22,065
"Jefferson Davis Parish, Louisiana",67,6244,22,053
"St. James Parish, Louisiana",57,6244,22,093
"Grant Parish, Louisiana",32,6244,22,043
"West Feliciana Parish, Louisiana",22,6244,22,125
"Jefferson Parish, Louisiana",625,6244,22,051
"Beauregard Parish, Louisiana",40,6244,22,011
"Bienville Parish, Louisiana",21,6244,22,013
"St. John the Baptist Parish, Louisiana",89,6244,22,095
"Bossier Parish, Louisiana",240,6244,22,015
"Cameron Parish, Louisiana",8,6244,22,023
"East Feliciana Parish, Louisiana",52,6244,22,037
"Plaquemines Parish, Louisiana",28,6244,22,075
"Ouachita Parish, Louisiana",619,6244,22,073
"Rapides Parish, Louisiana",181,6244,22,079
"Washington Parish, Louisiana",179,6244,22,117
"St. Landry Parish, Louisiana",205,6244,22,097
"Tangipahoa Parish, Louisiana",464,6244,22,105
"Acadia Parish, Louisiana",180,6244,22,001
"St. Mary Parish, Louisiana",151,6244,22,101
"West Carroll Parish, Louisiana",31,6244,22,123
"St. Tammany Parish, Louisiana",281,6244,22,103
"Union Parish, Louisiana",54,6244,22,111
"Caldwell Parish, Louisiana",35,6244,22,021
"Caddo Parish, Louisiana",830,6244,22,017
"East Carroll Parish, Louisiana",27,6244,22,035
"Anderson County, Kentucky",53,6244,21,005
"Ascension Parish, Louisiana",241,6244,22,005
"Lafayette Parish, Louisiana",476,6244,22,055
"Evangeline Parish, Louisiana",66,6244,22,039
"Iberia Parish, Louisiana",182,6244,22,045
"Lincoln Parish, Louisiana",82,6244,22,061
"St. Bernard Parish, Louisiana",63,6244,22,087
"St. Helena Parish, Louisiana",74,6244,22,091
"Webster Parish, Louisiana",100,6244,22,119
"West Baton Rouge Parish, Louisiana",81,6244,22,121
"De Soto Parish, Louisiana",77,6244,22,031
"Iberville Parish, Louisiana",130,6244,22,047
"Red River Parish, Louisiana",22,6244,22,081
"Livingston Parish, Louisiana",213,6244,22,063
"Morehouse Parish, Louisiana",54,6244,22,067
"Natchitoches Parish, Louisiana",77,6244,22,069
"Orleans Parish, Louisiana",580,6244,22,071
"Terrebonne Parish, Louisiana",166,6244,22,109
"Catahoula Parish, Louisiana",28,6244,22,025
"Calcasieu Parish, Louisiana",417,6244,22,019
"Claiborne Parish, Louisiana",27,6244,22,027
"Franklin Parish, Louisiana",68,6244,22,041
"Avoyelles Parish, Louisiana",84,6244,22,009
"Assumption Parish, Louisiana",72,6244,22,007
"Jackson Parish, Louisiana",20,6244,22,049
"Pointe Coupee Parish, Louisiana",34,6244,22,077
"Vermilion Parish, Louisiana",135,6244,22,113
"St. Charles Parish, Louisiana",70,6244,22,089
"Lafourche Parish, Louisiana",123,6244,22,057
"Concordia Parish, Louisiana",40,6244,22,029
"Tensas Parish, Louisiana",9,6244,22,107
"LaSalle Parish, Louisiana",16,6244,22,059
"Oxford County, Maine",57,6244,23,017
"Bamberg County, South Carolina",49,6244,45,009
"Beaufort County, South Carolina",131,6244,45,013
"Calhoun County, South Carolina",18,6244,45,017
"Dillon County, South Carolina",100,6244,45,033
"Saluda County, South Carolina",16,6244,45,081
"Richland County, South Carolina",670,6244,45,079
"Fairfield County, South Carolina",53,6244,45,039
"Dorchester County, South Carolina",182,6244,45,035
"Hampton County, South Carolina",29,6244,45,049
"Greenville County, South Carolina",667,6244,45,045
"Lancaster County, South Carolina",170,6244,45,057
"Florence County, South Carolina",359,6244,45,041
"Laurens County, South Carolina",92,6244,45,059
"McCormick County, South Carolina",13,6244,45,065
"Pickens County, South Carolina",94,6244,45,077
"Union County, South Carolina",26,6244,45,087
"Williamsburg County, South Carolina",76,6244,45,089
"Aurora County, South Dakota",14,6244,46,003
"Grant County, South Dakota",21,6244,46,051
"Tripp County, South Dakota",17,6244,46,123
"Lyman County, South Dakota",7,6244,46,085
"Deuel County, South Dakota",19,6244,46,039
"Spink County, South Dakota",20,6244,46,115
"Bon Homme County, South Dakota",21,6244,46,009
"Brule County, South Dakota",11,6244,46,015
"Brookings County, South Dakota",118,6244,46,011
"Fall River County, South Dakota",12,6244,46,047
"Gregory County, South Dakota",12,6244,46,053
"Hamlin County, South Dakota",16,6244,46,057
"Minnehaha County, South Dakota",459,6244,46,099
"Custer County, South Dakota",8,6244,46,033
"Hyde County, South Dakota",5,6244,46,069
"Clark County, South Dakota",7,6244,46,025
"Faulk County, South Dakota",7,6244,46,049
"Hutchinson County, South Dakota",28,6244,46,067
"Kingsbury County, South Dakota",17,6244,46,077
"Walworth County, South Dakota",19,6244,46,129
"Clay County, South Dakota",28,6244,46,027
"Day County, South Dakota",22,6244,46,037
"Dewey County, South Dakota",12,6244,46,041
"Douglas County, South Dakota",11,6244,46,043
"Harding County, South Dakota",3,6244,46,063
"Hughes County, South Dakota",70,6244,46,065
"McPherson County, South Dakota",8,6244,46,089
"Roberts County, South Dakota",24,6244,46,109
"Sanborn County, South Dakota",6,6244,46,111
"Sully County, South Dakota",3,6244,46,119
"Lincoln County, South Dakota",156,6244,46,083
"Hand County, South Dakota",12,6244,46,059
"Lake County, South Dakota",40,6244,46,079
"Lawrence County, South Dakota",44,6244,46,081
"Yankton County, South Dakota",72,6244,46,135
"Codington County, South Dakota",112,6244,46,029
"Beadle County, South Dakota",58,6244,46,005
"Butte County, South Dakota",18,6244,46,019
"Corson County, South Dakota",8,6244,46,031
"Davison County, South Dakota",69,6244,46,035
"Edmunds County, South Dakota",10,6244,46,045
"Campbell County, South Dakota",3,6244,46,021
"Jerauld County, South Dakota",10,6244,46,073
"Bennett County, South Dakota",8,6244,46,007
"Meade County, South Dakota",71,6244,46,093
"Stanley County, South Dakota",5,6244,46,117
"Jones County, South Dakota",3,6244,46,075
"Potter County, South Dakota",8,6244,46,107
"Turner County, South Dakota",24,6244,46,125
"Brown County, South Dakota",101,6244,46,013
"Charles Mix County, South Dakota",36,6244,46,023
"Hanson County, South Dakota",6,6244,46,061
"McCook County, South Dakota",19,6244,46,087
"Marshall County, South Dakota",10,6244,46,091
"Mellette County, South Dakota",0,6244,46,095
"Moody County, South Dakota",16,6244,46,101
"Perkins County, South Dakota",10,6244,46,105
"Pennington County, South Dakota",235,6244,46,103
"Todd County, South Dakota",25,6244,46,121
"Union County, South Dakota",44,6244,46,127
"Miner County, South Dakota",8,6244,46,097
"Oglala Lakota County, South Dakota",27,6244,46,102
"Waldo County, Maine",58,6244,23,027
"Penobscot County, Maine",217,6244,23,019
"Piscataquis County, Maine",18,6244,23,021
"Androscoggin County, Maine",249,6244,23,001
"Aroostook County, Maine",128,6244,23,003
"Washington County, Maine",66,6244,23,029
"Cumberland County, Maine",349,6244,23,005
"Knox County, Maine",39,6244,23,013
"Sagadahoc County, Maine",45,6244,23,023
"York County, Maine",230,6244,23,031
"Kennebec County, Maine",204,6244,23,011
"Franklin County, Maine",46,6244,23,007
"Somerset County, Maine",73,6244,23,025
"Hancock County, Maine",69,6244,23,009
"Worcester County, Maryland",47,6244,24,047
"Baltimore city, Maryland",1446,6244,24,510
"Somerset County, Maryland",31,6244,24,039
"Talbot County, Maryland",59,6244,24,041
"Harford County, Maryland",430,6244,24,025
"Allegany County, Maryland",75,6244,24,001
"Howard County, Maryland",565,6244,24,027
"Prince George's County, Maryland",1912,6244,24,033
"Anne Arundel County, Maryland",948,6244,24,003
"Baltimore County, Maryland",1425,6244,24,005
"Frederick County, Maryland",486,6244,24,021
"Calvert County, Maryland",160,6244,24,009
"Garrett County, Maryland",31,6244,24,023
"Kent County, Maryland",24,6244,24,029
"Montgomery County, Maryland",2510,6244,24,031
"Carroll County, Maryland",203,6244,24,013
"Queen Anne's County, Maryland",100,6244,24,035
"St. Mary's County, Maryland",261,6244,24,037
"Charles County, Maryland",291,6244,24,017
"Dorchester County, Maryland",71,6244,24,019
"Washington County, Maryland",272,6244,24,043
"Wicomico County, Maryland",161,6244,24,045
"Cecil County, Maryland",124,6244,24,015
"Caroline County, Maryland",83,6244,24,011
"Suffolk County, Massachusetts",1165,6244,25,025
"Barnstable County, Massachusetts",148,6244,25,001
"Bristol County, Massachusetts",479,6244,25,005
"Dukes County, Massachusetts",22,6244,25,007
"Middlesex County, Massachusetts",1638,6244,25,017
"Berkshire County, Massachusetts",142,6244,25,003
"Hampden County, Massachusetts",743,6244,25,013
"Plymouth County, Massachusetts",424,6244,25,023
"Essex County, Massachusetts",1367,6244,25,009
"Franklin County, Massachusetts",73,6244,25,011
"Norfolk County, Massachusetts",647,6244,25,021
"Worcester County, Massachusetts",1118,6244,25,027
"Hampshire County, Massachusetts",118,6244,25,015
"Nantucket County, Massachusetts",21,6244,25,019
"Lincoln County, Maine",26,6244,23,015
"Chippewa County, Michigan",53,6244,26,033
"Monroe County, Michigan",141,6244,26,115
"Allegan County, Michigan",151,6244,26,005
"Oakland County, Michigan",1446,6244,26,125
"Hillsdale County, Michigan",47,6244,26,059
"Alger County, Michigan",7,6244,26,003
"Muskegon County, Michigan",395,6244,26,121
"Oceana County, Michigan",35,6244,26,127
"Leelanau County, Michigan",25,6244,26,089
"Lapeer County, Michigan",123,6244,26,087
"Clare County, Michigan",37,6244,26,035
"Sanilac County, Michigan",68,6244,26,151
"Isabella County, Michigan",92,6244,26,073
"Ontonagon County, Michigan",5,6244,26,131
"Ottawa County, Michigan",376,6244,26,139
"Tuscola County, Michigan",81,6244,26,157
"Alcona County, Michigan",12,6244,26,001
"Alpena County, Michigan",34,6244,26,007
"Ionia County, Michigan",92,6244,26,067
"Kalkaska County, Michigan",13,6244,26,079
"Midland County, Michigan",112,6244,26,111
"Berrien County, Michigan",222,6244,26,021
"Ogemaw County, Michigan",26,6244,26,129
"Oscoda County, Michigan",8,6244,26,135
"Wexford County, Michigan",51,6244,26,165
"Crawford County, Michigan",17,6244,26,039
"Clinton County, Michigan",126,6244,26,037
"Dickinson County, Michigan",23,6244,26,043
"Gratiot County, Michigan",75,6244,26,057
"Huron County, Michigan",39,6244,26,063
"Ingham County, Michigan",529,6244,26,065
"Lenawee County, Michigan",129,6244,26,091
"Fayette County, Tennessee",73,6244,47,047
"Hancock County, Tennessee",13,6244,47,067
"Hawkins County, Tennessee",63,6244,47,073
"Johnson County, Tennessee",12,6244,47,091
"Lincoln County, Tennessee",60,6244,47,103
"Macon County, Tennessee",49,6244,47,111
"Moore County, Tennessee",13,6244,47,127
"Robertson County, Tennessee",122,6244,47,147
"Franklin County, Tennessee",83,6244,47,051
"Blount County, Tennessee",113,6244,47,009
"Cheatham County, Tennessee",38,6244,47,021
"Carter County, Tennessee",50,6244,47,019
"Grainger County, Tennessee",26,6244,47,057
"Madison County, Tennessee",222,6244,47,113
"Giles County, Tennessee",58,6244,47,055
"Lauderdale County, Tennessee",68,6244,47,097
"Lawrence County, Tennessee",83,6244,47,099
"Marion County, Tennessee",50,6244,47,115
"Overton County, Tennessee",28,6244,47,133
"Pickett County, Tennessee",9,6244,47,137
"Sumner County, Tennessee",232,6244,47,165
"Wayne County, Tennessee",21,6244,47,181
"Trousdale County, Tennessee",24,6244,47,169
"Williamson County, Tennessee",216,6244,47,187
"Bedford County, Tennessee",81,6244,47,003
"Clay County, Tennessee",11,6244,47,027
"Greene County, Tennessee",76,6244,47,059
"Cumberland County, Tennessee",78,6244,47,035
"Shelby County, Tennessee",3661,6244,47,157
"Van Buren County, Tennessee",12,6244,47,175
"Claiborne County, Tennessee",28,6244,47,025
"Henderson County, Tennessee",53,6244,47,077
"Hickman County, Tennessee",39,6244,47,081
"Humphreys County, Tennessee",27,6244,47,085
"Jefferson County, Tennessee",44,6244,47,089
"Putnam County, Tennessee",95,6244,47,141
"Sequatchie County, Tennessee",11,6244,47,153
"Sevier County, Tennessee",77,6244,47,155
"Stewart County, Tennessee",9,6244,47,161
"Carroll County, Tennessee",48,6244,47,017
"Chester County, Tennessee",33,6244,47,023
"Decatur County, Tennessee",19,6244,47,039
"Davidson County, Tennessee",1079,6244,47,037
"Jackson County, Tennessee",14,6244,47,087
"McNairy County, Tennessee",34,6244,47,109
"Perry County, Tennessee",10,6244,47,135
"Roane County, Tennessee",58,6244,47,145
"Bradley County, Tennessee",175,6244,47,011
"Meigs County, Tennessee",13,6244,47,121
"Hamblen County, Tennessee",66,6244,47,063
"Haywood County, Tennessee",67,6244,47,075
"Union County, Tennessee",13,6244,47,173
"Hardin County, Tennessee",35,6244,47,071
"Montgomery County, Tennessee",424,6244,47,125
"Dickson County, Tennessee",54,6244,47,043
"Morgan County, Tennessee",23,6244,47,129
"Grundy County, Tennessee",30,6244,47,061
"Monroe County, Tennessee",50,6244,47,123
"Henry County, Tennessee",71,6244,47,079
"Cocke County, Tennessee",61,6244,47,029
"Crockett County, Tennessee",19,6244,47,033
"DeKalb County, Tennessee",41,6244,47,041
"Lake County, Tennessee",21,6244,47,095
"Knox County, Tennessee",563,6244,47,093
"Lewis County, Tennessee",20,6244,47,101
"McMinn County, Tennessee",68,6244,47,107
"Marshall County, Tennessee",62,6244,47,117
"Obion County, Tennessee",48,6244,47,131
"Rhea County, Tennessee",48,6244,47,143
"Scott County, Tennessee",34,6244,47,151
"Tipton County, Tennessee",162,6244,47,167
"Anderson County, Tennessee",95,6244,47,001
"Gibson County, Tennessee",76,6244,47,053
"Coffee County, Tennessee",122,6244,47,031
"Dyer County, Tennessee",137,6244,47,045
"Fentress County, Tennessee",17,6244,47,049
"Hamilton County, Tennessee",465,6244,47,065
"Hardeman County, Tennessee",79,6244,47,069
"Loudon County, Tennessee",40,6244,47,105
"Polk County, Tennessee",9,6244,47,139
"Rutherford County, Tennessee",453,6244,47,149
"Smith County, Tennessee",32,6244,47,159
"White County, Tennessee",59,6244,47,185
"Wilson County, Tennessee",150,6244,47,189
"Sullivan County, Tennessee",140,6244,47,163
"Unicoi County, Tennessee",13,6244,47,171
"Mason County, Michigan",37,6244,26,105
"Menominee County, Michigan",17,6244,26,109
"Montcalm County, Michigan",92,6244,26,117
"Missaukee County, Michigan",22,6244,26,113
"St. Joseph County, Michigan",75,6244,26,149
"St. Clair County, Michigan",226,6244,26,147
"Van Buren County, Michigan",100,6244,26,159
"Washtenaw County, Michigan",456,6244,26,161
"Arenac County, Michigan",9,6244,26,011
"Barry County, Michigan",72,6244,26,015
"Cass County, Michigan",61,6244,26,027
"Iron County, Michigan",13,6244,26,071
"Benzie County, Michigan",16,6244,26,019
"Roscommon County, Michigan",29,6244,26,143
"Schoolcraft County, Michigan",15,6244,26,153
"Wayne County, Michigan",4727,6244,26,163
"Branch County, Michigan",59,6244,26,023
"Grand Traverse County, Michigan",126,6244,26,055
"Jackson County, Michigan",222,6244,26,075
"Mackinac County, Michigan",18,6244,26,097
"Genesee County, Michigan",1000,6244,26,049
"Antrim County, Michigan",9,6244,26,009
"Houghton County, Michigan",38,6244,26,061
"Livingston County, Michigan",128,6244,26,093
"Iosco County, Michigan",27,6244,26,069
"Lake County, Michigan",10,6244,26,085
"Manistee County, Michigan",24,6244,26,101
"Montmorency County, Michigan",7,6244,26,119
"Presque Isle County, Michigan",10,6244,26,141
"Gladwin County, Michigan",39,6244,26,051
"Kalamazoo County, Michigan",447,6244,26,077
"Mecosta County, Michigan",36,6244,26,107
"Marquette County, Michigan",65,6244,26,103
"Newaygo County, Michigan",54,6244,26,123
"Osceola County, Michigan",28,6244,26,133
"Otsego County, Michigan",47,6244,26,137
"Calhoun County, Michigan",194,6244,26,025
"Cheboygan County, Michigan",42,6244,26,031
"Luce County, Michigan",4,6244,26,095
"Kent County, Michigan",1224,6244,26,081
"Macomb County, Michigan",1041,6244,26,099
"Saginaw County, Michigan",511,6244,26,145
"Shiawassee County, Michigan",65,6244,26,155
"Baraga County, Michigan",3,6244,26,013
"Bay County, Michigan",121,6244,26,017
"Gogebic County, Michigan",11,6244,26,053
"Charlevoix County, Michigan",40,6244,26,029
"Eaton County, Michigan",192,6244,26,045
"Delta County, Michigan",24,6244,26,041
"Emmet County, Michigan",41,6244,26,047
"Koochiching County, Minnesota",25,6244,27,071
"Meeker County, Minnesota",56,6244,27,093
"Morrison County, Minnesota",126,6244,27,097
"Pennington County, Minnesota",61,6244,27,113
"Rice County, Minnesota",155,6244,27,131
"Steele County, Minnesota",152,6244,27,147
"Wilkin County, Minnesota",24,6244,27,167
"Red Lake County, Minnesota",15,6244,27,125
"Aitkin County, Minnesota",36,6244,27,001
"Clay County, Minnesota",209,6244,27,027
"Faribault County, Minnesota",43,6244,27,043
"Murray County, Minnesota",27,6244,27,101
"Fillmore County, Minnesota",50,6244,27,045
"Kandiyohi County, Minnesota",117,6244,27,067
"Lake County, Minnesota",18,6244,27,075
"Polk County, Minnesota",105,6244,27,119
"Rock County, Minnesota",57,6244,27,133
"Roseau County, Minnesota",69,6244,27,135
"Sibley County, Minnesota",52,6244,27,143
"Traverse County, Minnesota",11,6244,27,155
"Watonwan County, Minnesota",24,6244,27,165
"Becker County, Minnesota",111,6244,27,005
"Hennepin County, Minnesota",1815,6244,27,053
"Big Stone County, Minnesota",20,6244,27,011
"Brown County, Minnesota",94,6244,27,015
"Chippewa County, Minnesota",33,6244,27,023
"Cass County, Minnesota",59,6244,27,021
"Clearwater County, Minnesota",34,6244,27,029
"Goodhue County, Minnesota",116,6244,27,049
"Hubbard County, Minnesota",73,6244,27,057
"Isanti County, Minnesota",64,6244,27,059
"Jackson County, Minnesota",25,6244,27,063
"Martin County, Minnesota",75,6244,27,091
"Mower County, Minnesota",89,6244,27,099
"Nobles County, Minnesota",45,6244,27,105
"Pine County, Minnesota",72,6244,27,115
"Olmsted County, Minnesota",490,6244,27,109
